LeadID,FormerOwner,PropertyAddress,County,DocumentFile
L0001,Richard Finley,"101 Example Street, Camden, NJ",Camden,deed_001.txt
L0002,Maria Santos,"102 Example Street, Essex, NJ",Essex,deed_002.txt
L0003,James Wilson,"103 Example Street, Bergen, NJ",Bergen,deed_003.txt
L0004,Linda Carter,"104 Example Street, Camden, NJ",Camden,deed_004.txt
L0005,Kevin Brooks,"105 Example Street, Essex, NJ",Essex,deed_005.txt
L0006,Angela Reed,"106 Example Street, Bergen, NJ",Bergen,deed_006.txt
L0007,Thomas Hill,"107 Example Street, Camden, NJ",Camden,deed_007.txt
L0008,Patricia Moore,"108 Example Street, Essex, NJ",Essex,deed_008.txt
L0009,Robert Kelly,"109 Example Street, Bergen, NJ",Bergen,deed_009.txt
L0010,Susan Price,"110 Example Street, Camden, NJ",Camden,deed_010.txt
L0011,Daniel Young,"111 Example Street, Essex, NJ",Essex,deed_011.txt
L0012,Nancy Bell,"112 Example Street, Bergen, NJ",Bergen,deed_012.txt
L0013,George King,"113 Example Street, Camden, NJ",Camden,deed_013.txt
L0014,Helen Scott,"114 Example Street, Essex, NJ",Essex,deed_014.txt
L0015,Edward Green,"115 Example Street, Bergen, NJ",Bergen,deed_015.txt
L0016,Carol Adams,"116 Example Street, Camden, NJ",Camden,deed_016.txt
L0017,Brian Nelson,"117 Example Street, Essex, NJ",Essex,deed_017.txt
L0018,Donna Baker,"118 Example Street, Bergen, NJ",Bergen,deed_018.txt
L0019,Steven Turner,"119 Example Street, Camden, NJ",Camden,deed_019.txt
L0020,Laura Collins,"120 Example Street, Essex, NJ",Essex,deed_020.txt
L0021,Michael Reed,"121 Example Street, Bergen, NJ",Bergen,deed_021.txt
L0022,Karen Evans,"122 Example Street, Camden, NJ",Camden,deed_022.txt
L0023,Paul Murphy,"123 Example Street, Essex, NJ",Essex,deed_023.txt
L0024,Sandra Cooper,"124 Example Street, Bergen, NJ",Bergen,deed_024.txt
L0025,Mark Bailey,"125 Example Street, Camden, NJ",Camden,deed_025.txt
L0026,Janet Rivera,"126 Example Street, Essex, NJ",Essex,deed_026.txt
L0027,Charles Howard,"127 Example Street, Bergen, NJ",Bergen,deed_027.txt
L0028,Amy Ward,"128 Example Street, Camden, NJ",Camden,deed_028.txt
L0029,Joseph Cox,"129 Example Street, Essex, NJ",Essex,deed_029.txt
L0030,Rebecca Gray,"130 Example Street, Bergen, NJ",Bergen,deed_030.txt
