Time,Open,High,Low,Close
2025-01-01 00:00:00,2600.0,2604.8,2599.65,2603.8
2025-01-01 00:30:00,2603.8,2608.51,2602.89,2607.65
2025-01-01 01:00:00,2607.65,2610.56,2605.98,2610.18
2025-01-01 01:30:00,2610.18,2611.64,2603.97,2605.35
2025-01-01 02:00:00,2605.35,2605.85,2603.81,2604.09
2025-01-01 02:30:00,2604.09,2606.9,2603.49,2606.43
2025-01-01 03:00:00,2606.43,2606.91,2604.8,2605.31
2025-01-01 03:30:00,2605.31,2605.59,2602.42,2603.11
2025-01-01 04:00:00,2603.11,2603.51,2599.32,2600.95
2025-01-01 04:30:00,2600.95,2603.42,2599.84,2603.21
2025-01-01 05:00:00,2603.21,2605.46,2602.4,2605.31
2025-01-01 05:30:00,2605.31,2605.94,2604.83,2605.44
2025-01-01 06:00:00,2605.44,2606.3,2605.17,2605.36
2025-01-01 06:30:00,2605.36,2606.34,2604.36,2605.05
2025-01-01 07:00:00,2605.05,2606.31,2603.09,2604.7
2025-01-01 07:30:00,2604.7,2606.13,2603.05,2603.34
2025-01-01 08:00:00,2603.34,2607.59,2603.12,2605.3
2025-01-01 08:30:00,2605.3,2606.3,2604.18,2604.79
2025-01-01 09:00:00,2604.79,2608.09,2602.61,2607.98
2025-01-01 09:30:00,2607.98,2608.57,2607.69,2608.36
2025-01-01 10:00:00,2608.36,2609.02,2603.36,2604.74
2025-01-01 10:30:00,2604.74,2605.19,2600.45,2601.04
2025-01-01 11:00:00,2601.04,2603.07,2600.7,2601.56
2025-01-01 11:30:00,2601.56,2601.84,2600.18,2600.63
2025-01-01 12:00:00,2600.63,2602.07,2600.36,2601.0
2025-01-01 12:30:00,2601.0,2606.37,2599.87,2605.62
2025-01-01 13:00:00,2605.62,2615.86,2604.45,2613.97
2025-01-01 13:30:00,2613.97,2616.79,2612.43,2614.39
2025-01-01 14:00:00,2614.39,2616.83,2614.23,2615.7
2025-01-01 14:30:00,2615.7,2620.71,2614.85,2618.41
2025-01-01 15:00:00,2618.41,2620.22,2615.75,2617.57
2025-01-01 15:30:00,2617.57,2621.22,2616.52,2619.81
2025-01-01 16:00:00,2619.81,2623.13,2619.25,2620.75
2025-01-01 16:30:00,2620.75,2624.01,2619.11,2623.29
2025-01-01 17:00:00,2623.29,2625.26,2621.15,2622.26
2025-01-01 17:30:00,2622.26,2626.24,2621.97,2625.53
2025-01-01 18:00:00,2625.53,2626.89,2622.93,2623.83
2025-01-01 18:30:00,2623.83,2624.62,2623.25,2623.82
2025-01-01 19:00:00,2623.82,2624.84,2622.99,2623.88
2025-01-01 19:30:00,2623.88,2624.53,2621.41,2623.47
2025-01-01 20:00:00,2623.47,2628.26,2621.83,2628.21
2025-01-01 20:30:00,2628.21,2629.34,2626.61,2628.65
2025-01-01 21:00:00,2628.65,2629.38,2625.65,2626.15
2025-01-01 21:30:00,2626.15,2627.37,2624.5,2625.15
2025-01-01 22:00:00,2625.15,2625.86,2621.95,2622.5
2025-01-01 22:30:00,2622.5,2624.91,2617.36,2618.75
2025-01-01 23:00:00,2618.75,2622.2,2616.24,2621.2
2025-01-01 23:30:00,2621.2,2626.39,2619.13,2625.57
2025-01-02 00:00:00,2625.57,2625.8,2625.45,2625.52
2025-01-02 00:30:00,2625.52,2626.14,2620.41,2621.33
2025-01-02 01:00:00,2621.33,2622.06,2617.33,2618.73
2025-01-02 01:30:00,2618.73,2619.35,2613.98,2615.03
2025-01-02 02:00:00,2615.03,2616.91,2613.84,2615.98
2025-01-02 02:30:00,2615.98,2616.11,2614.1,2615.78
2025-01-02 03:00:00,2615.78,2617.99,2614.94,2617.82
2025-01-02 03:30:00,2617.82,2618.33,2612.3,2613.63
2025-01-02 04:00:00,2613.63,2616.78,2613.05,2615.26
2025-01-02 04:30:00,2615.26,2616.4,2612.38,2612.62
2025-01-02 05:00:00,2612.62,2616.35,2612.52,2614.99
2025-01-02 05:30:00,2614.99,2615.17,2614.21,2615.09
2025-01-02 06:00:00,2615.09,2617.51,2613.96,2617.12
2025-01-02 06:30:00,2617.12,2618.21,2614.43,2614.83
2025-01-02 07:00:00,2614.83,2615.21,2614.61,2615.01
2025-01-02 07:30:00,2615.01,2616.64,2611.12,2612.17
2025-01-02 08:00:00,2612.17,2613.58,2611.01,2613.2
2025-01-02 08:30:00,2613.2,2616.18,2612.5,2615.28
2025-01-02 09:00:00,2615.28,2615.78,2611.5,2612.71
2025-01-02 09:30:00,2612.71,2617.67,2611.38,2615.8
2025-01-02 10:00:00,2615.8,2617.71,2611.26,2611.5
2025-01-02 10:30:00,2611.5,2612.26,2608.38,2608.95
2025-01-02 11:00:00,2608.95,2613.5,2608.56,2612.17
2025-01-02 11:30:00,2612.17,2612.49,2609.2,2609.7
2025-01-02 12:00:00,2609.7,2610.3,2606.15,2606.22
2025-01-02 12:30:00,2606.22,2606.97,2604.9,2605.89
2025-01-02 13:00:00,2605.89,2607.49,2605.27,2606.06
2025-01-02 13:30:00,2606.06,2607.01,2603.51,2604.14
2025-01-02 14:00:00,2604.14,2605.81,2600.98,2601.86
2025-01-02 14:30:00,2601.86,2605.53,2601.11,2602.7
2025-01-02 15:00:00,2602.7,2604.44,2600.81,2601.5
2025-01-02 15:30:00,2601.5,2604.45,2601.21,2604.25
2025-01-02 16:00:00,2604.25,2604.84,2598.58,2599.16
2025-01-02 16:30:00,2599.16,2599.92,2598.03,2599.76
2025-01-02 17:00:00,2599.76,2600.38,2597.68,2598.74
2025-01-02 17:30:00,2598.74,2602.25,2597.91,2602.02
2025-01-02 18:00:00,2602.02,2602.36,2599.02,2599.95
2025-01-02 18:30:00,2599.95,2601.52,2599.56,2600.47
2025-01-02 19:00:00,2600.47,2601.29,2593.7,2595.28
2025-01-02 19:30:00,2595.28,2597.78,2594.01,2597.18
2025-01-02 20:00:00,2597.18,2599.67,2596.5,2598.35
2025-01-02 20:30:00,2598.35,2598.94,2596.61,2598.53
2025-01-02 21:00:00,2598.53,2600.94,2598.02,2599.45
2025-01-02 21:30:00,2599.45,2600.81,2592.98,2594.09
2025-01-02 22:00:00,2594.09,2595.89,2593.07,2594.15
2025-01-02 22:30:00,2594.15,2594.41,2592.3,2593.35
2025-01-02 23:00:00,2593.35,2594.66,2589.18,2590.84
2025-01-02 23:30:00,2590.84,2591.23,2589.76,2590.89
2025-01-03 00:00:00,2590.89,2592.17,2589.98,2590.45
2025-01-03 00:30:00,2590.45,2595.09,2590.03,2594.11
2025-01-03 01:00:00,2594.11,2595.29,2592.24,2593.1
2025-01-03 01:30:00,2593.1,2594.69,2590.93,2591.06
2025-01-03 02:00:00,2591.06,2592.41,2590.82,2592.28
2025-01-03 02:30:00,2592.28,2594.95,2592.27,2594.17
2025-01-03 03:00:00,2594.17,2595.2,2593.32,2593.98
2025-01-03 03:30:00,2593.98,2599.33,2593.42,2597.76
2025-01-03 04:00:00,2597.76,2598.38,2594.69,2595.27
2025-01-03 04:30:00,2595.27,2598.21,2593.9,2597.79
2025-01-03 05:00:00,2597.79,2600.83,2596.99,2599.47
2025-01-03 05:30:00,2599.47,2600.39,2598.62,2600.19
2025-01-03 06:00:00,2600.19,2601.77,2596.69,2597.68
2025-01-03 06:30:00,2597.68,2599.77,2597.1,2599.71
2025-01-03 07:00:00,2599.71,2600.73,2597.71,2598.89
2025-01-03 07:30:00,2598.89,2599.15,2592.57,2593.76
2025-01-03 08:00:00,2593.76,2596.84,2593.21,2596.46
2025-01-03 08:30:00,2596.46,2596.93,2593.73,2594.48
2025-01-03 09:00:00,2594.48,2600.31,2594.2,2599.82
2025-01-03 09:30:00,2599.82,2604.94,2599.47,2603.08
2025-01-03 10:00:00,2603.08,2604.41,2599.3,2599.76
2025-01-03 10:30:00,2599.76,2603.22,2599.5,2601.46
2025-01-03 11:00:00,2601.46,2605.78,2601.15,2604.4
2025-01-03 11:30:00,2604.4,2608.88,2603.26,2607.87
2025-01-03 12:00:00,2607.87,2608.58,2604.81,2605.68
2025-01-03 12:30:00,2605.68,2606.26,2604.55,2605.88
2025-01-03 13:00:00,2605.88,2607.39,2604.64,2605.94
2025-01-03 13:30:00,2605.94,2607.28,2602.44,2604.66
2025-01-03 14:00:00,2604.66,2604.93,2604.26,2604.84
2025-01-03 14:30:00,2604.84,2606.5,2602.48,2603.77
2025-01-03 15:00:00,2603.77,2604.66,2603.3,2603.43
2025-01-03 15:30:00,2603.43,2607.57,2602.59,2607.37
2025-01-03 16:00:00,2607.37,2608.42,2605.65,2605.66
2025-01-03 16:30:00,2605.66,2606.22,2602.32,2603.55
2025-01-03 17:00:00,2603.55,2605.33,2603.16,2603.64
2025-01-03 17:30:00,2603.64,2604.77,2600.54,2602.48
2025-01-03 18:00:00,2602.48,2607.06,2601.33,2606.54
2025-01-03 18:30:00,2606.54,2608.41,2604.96,2606.47
2025-01-03 19:00:00,2606.47,2608.31,2604.99,2607.33
2025-01-03 19:30:00,2607.33,2611.22,2606.11,2610.66
2025-01-03 20:00:00,2610.66,2611.97,2607.82,2608.52
2025-01-03 20:30:00,2608.52,2610.08,2606.95,2608.19
2025-01-03 21:00:00,2608.19,2611.82,2607.93,2611.16
2025-01-03 21:30:00,2611.16,2612.01,2605.77,2606.77
2025-01-03 22:00:00,2606.77,2608.3,2606.31,2607.17
2025-01-03 22:30:00,2607.17,2607.74,2603.22,2604.15
2025-01-03 23:00:00,2604.15,2605.41,2602.61,2603.34
2025-01-03 23:30:00,2603.34,2610.19,2603.11,2609.14
2025-01-04 00:00:00,2609.14,2611.33,2609.01,2610.08
2025-01-04 00:30:00,2610.08,2610.1,2606.3,2607.01
2025-01-04 01:00:00,2607.01,2607.54,2602.85,2603.49
2025-01-04 01:30:00,2603.49,2605.37,2602.17,2604.24
2025-01-04 02:00:00,2604.24,2610.41,2603.52,2608.82
2025-01-04 02:30:00,2608.82,2609.87,2606.34,2608.05
2025-01-04 03:00:00,2608.05,2609.24,2602.31,2603.03
2025-01-04 03:30:00,2603.03,2603.85,2599.89,2601.65
2025-01-04 04:00:00,2601.65,2605.69,2600.99,2604.96
2025-01-04 04:30:00,2604.96,2605.65,2602.73,2604.53
2025-01-04 05:00:00,2604.53,2604.71,2603.19,2604.35
2025-01-04 05:30:00,2604.35,2604.37,2599.32,2601.46
2025-01-04 06:00:00,2601.46,2603.48,2597.58,2598.7
2025-01-04 06:30:00,2598.7,2600.12,2597.62,2599.55
2025-01-04 07:00:00,2599.55,2603.4,2598.72,2601.35
2025-01-04 07:30:00,2601.35,2602.89,2600.25,2602.3
2025-01-04 08:00:00,2602.3,2602.93,2599.35,2599.73
2025-01-04 08:30:00,2599.73,2603.44,2598.57,2600.38
2025-01-04 09:00:00,2600.38,2605.03,2599.79,2604.68
2025-01-04 09:30:00,2604.68,2606.96,2604.17,2606.33
2025-01-04 10:00:00,2606.33,2607.1,2605.68,2606.29
2025-01-04 10:30:00,2606.29,2612.08,2605.04,2611.65
2025-01-04 11:00:00,2611.65,2617.38,2610.28,2615.59
2025-01-04 11:30:00,2615.59,2620.8,2614.52,2619.4
2025-01-04 12:00:00,2619.4,2620.7,2618.36,2618.93
2025-01-04 12:30:00,2618.93,2619.04,2616.75,2617.39
2025-01-04 13:00:00,2617.39,2617.83,2614.94,2616.0
2025-01-04 13:30:00,2616.0,2616.43,2611.73,2611.75
2025-01-04 14:00:00,2611.75,2612.61,2610.12,2610.22
2025-01-04 14:30:00,2610.22,2613.07,2609.23,2611.78
2025-01-04 15:00:00,2611.78,2613.85,2604.72,2607.05
2025-01-04 15:30:00,2607.05,2607.48,2603.4,2603.59
2025-01-04 16:00:00,2603.59,2605.22,2598.98,2599.98
2025-01-04 16:30:00,2599.98,2603.53,2599.72,2602.2
2025-01-04 17:00:00,2602.2,2604.52,2601.06,2603.9
2025-01-04 17:30:00,2603.9,2605.2,2602.52,2603.26
2025-01-04 18:00:00,2603.26,2605.96,2602.29,2605.33
2025-01-04 18:30:00,2605.33,2605.63,2602.86,2603.29
2025-01-04 19:00:00,2603.29,2605.23,2601.35,2603.27
2025-01-04 19:30:00,2603.27,2603.66,2599.14,2600.61
2025-01-04 20:00:00,2600.61,2602.67,2600.13,2602.34
2025-01-04 20:30:00,2602.34,2603.59,2597.91,2599.71
2025-01-04 21:00:00,2599.71,2599.97,2596.76,2598.22
2025-01-04 21:30:00,2598.22,2598.9,2596.01,2597.13
2025-01-04 22:00:00,2597.13,2598.09,2592.05,2593.64
2025-01-04 22:30:00,2593.64,2593.75,2588.77,2590.6
2025-01-04 23:00:00,2590.6,2596.02,2589.6,2595.2
2025-01-04 23:30:00,2595.2,2597.18,2593.04,2594.58
2025-01-05 00:00:00,2594.58,2595.82,2593.11,2593.84
2025-01-05 00:30:00,2593.84,2598.22,2592.83,2595.87
2025-01-05 01:00:00,2595.87,2596.75,2592.71,2592.92
2025-01-05 01:30:00,2592.92,2594.21,2591.81,2593.06
2025-01-05 02:00:00,2593.06,2593.3,2591.98,2592.79
2025-01-05 02:30:00,2592.79,2595.58,2592.38,2593.5
2025-01-05 03:00:00,2593.5,2595.27,2589.22,2590.24
2025-01-05 03:30:00,2590.24,2591.17,2586.73,2588.16
2025-01-05 04:00:00,2588.16,2589.49,2584.81,2585.25
2025-01-05 04:30:00,2585.25,2586.84,2582.04,2583.04
2025-01-05 05:00:00,2583.04,2584.37,2581.92,2582.46
2025-01-05 05:30:00,2582.46,2584.4,2581.83,2584.25
2025-01-05 06:00:00,2584.25,2589.66,2583.07,2589.49
2025-01-05 06:30:00,2589.49,2594.0,2587.58,2592.61
2025-01-05 07:00:00,2592.61,2594.64,2592.53,2593.29
2025-01-05 07:30:00,2593.29,2595.07,2592.93,2593.58
2025-01-05 08:00:00,2593.58,2597.03,2592.37,2595.52
2025-01-05 08:30:00,2595.52,2597.86,2594.77,2596.93
2025-01-05 09:00:00,2596.93,2600.28,2595.24,2600.24
2025-01-05 09:30:00,2600.24,2601.49,2599.89,2600.23
2025-01-05 10:00:00,2600.23,2600.5,2596.69,2596.9
2025-01-05 10:30:00,2596.9,2600.83,2596.83,2599.71
2025-01-05 11:00:00,2599.71,2600.51,2597.47,2597.71
2025-01-05 11:30:00,2597.71,2598.78,2596.3,2597.52
2025-01-05 12:00:00,2597.52,2598.84,2595.76,2596.24
2025-01-05 12:30:00,2596.24,2598.42,2594.05,2596.98
2025-01-05 13:00:00,2596.98,2599.11,2591.8,2593.85
2025-01-05 13:30:00,2593.85,2595.2,2591.97,2592.33
2025-01-05 14:00:00,2592.33,2597.1,2591.19,2595.98
2025-01-05 14:30:00,2595.98,2600.32,2595.01,2598.6
2025-01-05 15:00:00,2598.6,2599.5,2597.37,2598.91
2025-01-05 15:30:00,2598.91,2600.51,2595.81,2597.88
2025-01-05 16:00:00,2597.88,2599.07,2594.35,2595.23
2025-01-05 16:30:00,2595.23,2596.61,2594.75,2595.67
2025-01-05 17:00:00,2595.67,2596.31,2593.31,2594.42
2025-01-05 17:30:00,2594.42,2595.91,2593.25,2595.8
2025-01-05 18:00:00,2595.8,2596.49,2594.12,2596.48
2025-01-05 18:30:00,2596.48,2597.49,2595.66,2595.8
2025-01-05 19:00:00,2595.8,2596.38,2593.13,2594.02
2025-01-05 19:30:00,2594.02,2595.08,2587.92,2588.37
2025-01-05 20:00:00,2588.37,2593.36,2587.09,2591.22
2025-01-05 20:30:00,2591.22,2592.72,2590.66,2591.73
2025-01-05 21:00:00,2591.73,2593.78,2587.12,2587.55
2025-01-05 21:30:00,2587.55,2591.98,2585.78,2591.1
2025-01-05 22:00:00,2591.1,2594.15,2590.74,2593.93
2025-01-05 22:30:00,2593.93,2595.2,2591.49,2592.12
2025-01-05 23:00:00,2592.12,2592.74,2590.53,2590.7
2025-01-05 23:30:00,2590.7,2591.1,2587.71,2589.29
2025-01-06 00:00:00,2589.29,2589.59,2588.16,2588.2
2025-01-06 00:30:00,2588.2,2589.39,2582.96,2585.01
2025-01-06 01:00:00,2585.01,2594.08,2583.26,2593.24
2025-01-06 01:30:00,2593.24,2595.1,2592.09,2592.43
2025-01-06 02:00:00,2592.43,2594.07,2586.66,2586.89
2025-01-06 02:30:00,2586.89,2588.5,2584.49,2585.25
2025-01-06 03:00:00,2585.25,2589.57,2584.43,2587.44
2025-01-06 03:30:00,2587.44,2592.36,2586.4,2591.16
2025-01-06 04:00:00,2591.16,2591.68,2588.81,2590.48
2025-01-06 04:30:00,2590.48,2591.31,2589.61,2590.43
2025-01-06 05:00:00,2590.43,2590.44,2589.48,2590.21
2025-01-06 05:30:00,2590.21,2590.39,2587.03,2588.42
2025-01-06 06:00:00,2588.42,2591.63,2587.24,2590.41
2025-01-06 06:30:00,2590.41,2595.67,2589.99,2593.01
2025-01-06 07:00:00,2593.01,2593.97,2591.03,2592.33
2025-01-06 07:30:00,2592.33,2594.53,2591.12,2594.42
2025-01-06 08:00:00,2594.42,2596.11,2592.93,2593.22
2025-01-06 08:30:00,2593.22,2597.94,2591.69,2596.01
2025-01-06 09:00:00,2596.01,2598.14,2595.22,2597.36
2025-01-06 09:30:00,2597.36,2600.02,2596.06,2598.86
2025-01-06 10:00:00,2598.86,2601.52,2598.63,2600.49
2025-01-06 10:30:00,2600.49,2605.26,2600.07,2603.76
2025-01-06 11:00:00,2603.76,2606.39,2602.54,2605.71
2025-01-06 11:30:00,2605.71,2606.0,2605.25,2605.7
2025-01-06 12:00:00,2605.7,2608.56,2604.34,2608.36
2025-01-06 12:30:00,2608.36,2609.65,2607.88,2608.25
2025-01-06 13:00:00,2608.25,2613.49,2607.49,2612.6
2025-01-06 13:30:00,2612.6,2613.83,2611.93,2613.59
2025-01-06 14:00:00,2613.59,2614.62,2612.3,2613.3
2025-01-06 14:30:00,2613.3,2614.24,2611.36,2613.58
2025-01-06 15:00:00,2613.58,2615.31,2612.15,2612.99
2025-01-06 15:30:00,2612.99,2614.71,2610.78,2614.21
2025-01-06 16:00:00,2614.21,2615.17,2613.49,2613.75
2025-01-06 16:30:00,2613.75,2618.73,2613.74,2617.27
2025-01-06 17:00:00,2617.27,2619.79,2616.45,2619.74
2025-01-06 17:30:00,2619.74,2625.47,2619.49,2624.78
2025-01-06 18:00:00,2624.78,2626.6,2623.71,2626.12
2025-01-06 18:30:00,2626.12,2627.65,2626.1,2627.26
2025-01-06 19:00:00,2627.26,2632.63,2627.22,2632.58
2025-01-06 19:30:00,2632.58,2634.41,2632.3,2634.21
2025-01-06 20:00:00,2634.21,2637.66,2632.36,2637.26
2025-01-06 20:30:00,2637.26,2637.53,2636.06,2636.08
2025-01-06 21:00:00,2636.08,2638.14,2632.41,2633.1
2025-01-06 21:30:00,2633.1,2634.29,2632.5,2633.76
2025-01-06 22:00:00,2633.76,2634.05,2628.29,2629.46
2025-01-06 22:30:00,2629.46,2630.21,2628.5,2629.42
2025-01-06 23:00:00,2629.42,2629.68,2622.21,2623.58
2025-01-06 23:30:00,2623.58,2625.6,2621.67,2621.79
2025-01-07 00:00:00,2621.79,2623.09,2620.8,2621.84
2025-01-07 00:30:00,2621.84,2626.18,2620.88,2624.77
2025-01-07 01:00:00,2624.77,2625.01,2621.41,2621.95
2025-01-07 01:30:00,2621.95,2622.96,2621.53,2622.43
2025-01-07 02:00:00,2622.43,2622.9,2618.25,2620.18
2025-01-07 02:30:00,2620.18,2621.47,2619.55,2619.58
2025-01-07 03:00:00,2619.58,2620.6,2614.94,2616.01
2025-01-07 03:30:00,2616.01,2617.29,2615.05,2616.95
2025-01-07 04:00:00,2616.95,2618.36,2616.42,2618.02
2025-01-07 04:30:00,2618.02,2619.99,2614.72,2615.95
2025-01-07 05:00:00,2615.95,2617.11,2614.79,2616.15
2025-01-07 05:30:00,2616.15,2618.78,2614.1,2617.68
2025-01-07 06:00:00,2617.68,2618.6,2615.5,2616.67
2025-01-07 06:30:00,2616.67,2620.02,2615.42,2618.71
2025-01-07 07:00:00,2618.71,2621.96,2617.24,2620.84
2025-01-07 07:30:00,2620.84,2622.46,2618.8,2620.9
2025-01-07 08:00:00,2620.9,2621.84,2613.15,2615.01
2025-01-07 08:30:00,2615.01,2615.6,2614.62,2614.99
2025-01-07 09:00:00,2614.99,2616.48,2612.78,2613.21
2025-01-07 09:30:00,2613.21,2613.73,2612.0,2613.08
2025-01-07 10:00:00,2613.08,2614.09,2611.86,2613.82
2025-01-07 10:30:00,2613.82,2615.53,2609.7,2611.48
2025-01-07 11:00:00,2611.48,2612.47,2605.96,2606.52
2025-01-07 11:30:00,2606.52,2609.18,2605.69,2608.08
2025-01-07 12:00:00,2608.08,2612.1,2607.84,2611.03
2025-01-07 12:30:00,2611.03,2611.95,2610.64,2611.25
2025-01-07 13:00:00,2611.25,2612.44,2611.01,2611.86
2025-01-07 13:30:00,2611.86,2612.41,2610.05,2611.14
2025-01-07 14:00:00,2611.14,2612.95,2610.55,2612.48
2025-01-07 14:30:00,2612.48,2614.68,2612.29,2613.96
2025-01-07 15:00:00,2613.96,2614.67,2609.91,2610.18
2025-01-07 15:30:00,2610.18,2611.92,2608.83,2609.33
2025-01-07 16:00:00,2609.33,2610.56,2607.99,2608.86
2025-01-07 16:30:00,2608.86,2612.84,2606.75,2611.05
2025-01-07 17:00:00,2611.05,2618.02,2610.63,2616.82
2025-01-07 17:30:00,2616.82,2617.09,2614.93,2616.05
2025-01-07 18:00:00,2616.05,2617.43,2612.91,2613.54
2025-01-07 18:30:00,2613.54,2615.14,2612.86,2615.05
2025-01-07 19:00:00,2615.05,2621.51,2613.92,2620.36
2025-01-07 19:30:00,2620.36,2624.48,2619.31,2623.11
2025-01-07 20:00:00,2623.11,2624.56,2620.04,2620.76
2025-01-07 20:30:00,2620.76,2625.61,2620.49,2623.43
2025-01-07 21:00:00,2623.43,2626.05,2622.5,2625.65
2025-01-07 21:30:00,2625.65,2626.3,2623.28,2624.33
2025-01-07 22:00:00,2624.33,2624.85,2623.67,2624.17
2025-01-07 22:30:00,2624.17,2625.97,2621.28,2621.54
2025-01-07 23:00:00,2621.54,2622.51,2620.76,2621.18
2025-01-07 23:30:00,2621.18,2625.34,2620.32,2623.32
2025-01-08 00:00:00,2623.32,2625.96,2622.3,2624.81
2025-01-08 00:30:00,2624.81,2624.95,2619.5,2620.37
2025-01-08 01:00:00,2620.37,2623.89,2619.88,2623.84
2025-01-08 01:30:00,2623.84,2625.54,2623.54,2625.03
2025-01-08 02:00:00,2625.03,2628.39,2623.85,2626.52
2025-01-08 02:30:00,2626.52,2627.86,2625.99,2627.0
2025-01-08 03:00:00,2627.0,2628.07,2625.01,2625.07
2025-01-08 03:30:00,2625.07,2626.64,2624.13,2626.22
2025-01-08 04:00:00,2626.22,2627.04,2620.71,2622.76
2025-01-08 04:30:00,2622.76,2627.11,2621.36,2625.48
2025-01-08 05:00:00,2625.48,2626.27,2617.01,2618.43
2025-01-08 05:30:00,2618.43,2626.68,2617.5,2624.36
2025-01-08 06:00:00,2624.36,2625.53,2621.57,2622.74
2025-01-08 06:30:00,2622.74,2623.26,2620.89,2621.31
2025-01-08 07:00:00,2621.31,2621.92,2618.29,2618.47
2025-01-08 07:30:00,2618.47,2620.65,2617.51,2618.39
2025-01-08 08:00:00,2618.39,2621.51,2617.88,2621.49
2025-01-08 08:30:00,2621.49,2622.92,2619.84,2620.24
2025-01-08 09:00:00,2620.24,2624.13,2618.6,2622.72
2025-01-08 09:30:00,2622.72,2624.2,2621.2,2623.27
2025-01-08 10:00:00,2623.27,2628.14,2622.67,2626.58
2025-01-08 10:30:00,2626.58,2628.19,2624.99,2626.9
2025-01-08 11:00:00,2626.9,2630.18,2626.12,2629.52
2025-01-08 11:30:00,2629.52,2630.44,2622.03,2623.39
2025-01-08 12:00:00,2623.39,2625.04,2622.49,2624.24
2025-01-08 12:30:00,2624.24,2625.23,2620.8,2621.72
2025-01-08 13:00:00,2621.72,2623.32,2619.94,2620.23
2025-01-08 13:30:00,2620.23,2622.44,2619.7,2621.06
2025-01-08 14:00:00,2621.06,2626.1,2619.99,2625.31
2025-01-08 14:30:00,2625.31,2625.74,2623.52,2624.55
2025-01-08 15:00:00,2624.55,2625.58,2623.43,2624.31
2025-01-08 15:30:00,2624.31,2626.66,2623.24,2625.37
2025-01-08 16:00:00,2625.37,2626.35,2622.32,2623.62
2025-01-08 16:30:00,2623.62,2628.26,2623.03,2627.2
2025-01-08 17:00:00,2627.2,2628.96,2623.84,2624.47
2025-01-08 17:30:00,2624.47,2627.18,2622.58,2626.91
2025-01-08 18:00:00,2626.91,2628.72,2620.08,2620.38
2025-01-08 18:30:00,2620.38,2621.79,2620.05,2620.24
2025-01-08 19:00:00,2620.24,2621.36,2618.63,2620.01
2025-01-08 19:30:00,2620.01,2621.39,2614.46,2616.12
2025-01-08 20:00:00,2616.12,2619.75,2614.94,2619.24
2025-01-08 20:30:00,2619.24,2622.27,2618.14,2621.63
2025-01-08 21:00:00,2621.63,2622.09,2616.79,2618.31
2025-01-08 21:30:00,2618.31,2626.86,2617.24,2625.55
2025-01-08 22:00:00,2625.55,2629.43,2624.37,2628.13
2025-01-08 22:30:00,2628.13,2628.79,2625.9,2626.95
2025-01-08 23:00:00,2626.95,2627.29,2626.79,2626.91
2025-01-08 23:30:00,2626.91,2633.23,2626.57,2632.97
2025-01-09 00:00:00,2632.97,2635.35,2631.68,2633.83
2025-01-09 00:30:00,2633.83,2635.37,2630.8,2631.79
2025-01-09 01:00:00,2631.79,2633.08,2630.9,2631.63
2025-01-09 01:30:00,2631.63,2634.59,2630.06,2632.32
2025-01-09 02:00:00,2632.32,2633.05,2630.86,2632.87
2025-01-09 02:30:00,2632.87,2634.56,2632.34,2634.05
2025-01-09 03:00:00,2634.05,2640.96,2633.45,2640.61
2025-01-09 03:30:00,2640.61,2642.24,2633.96,2636.26
2025-01-09 04:00:00,2636.26,2637.0,2633.48,2634.33
2025-01-09 04:30:00,2634.33,2637.88,2633.34,2637.38
2025-01-09 05:00:00,2637.38,2638.8,2635.71,2638.37
2025-01-09 05:30:00,2638.37,2639.55,2636.75,2639.3
2025-01-09 06:00:00,2639.3,2644.38,2638.42,2642.19
2025-01-09 06:30:00,2642.19,2646.26,2641.4,2644.94
2025-01-09 07:00:00,2644.94,2650.91,2643.84,2650.61
2025-01-09 07:30:00,2650.61,2650.93,2646.84,2648.31
2025-01-09 08:00:00,2648.31,2652.14,2648.22,2649.88
2025-01-09 08:30:00,2649.88,2652.4,2649.25,2652.12
2025-01-09 09:00:00,2652.12,2653.67,2650.34,2651.76
2025-01-09 09:30:00,2651.76,2653.1,2648.55,2649.76
2025-01-09 10:00:00,2649.76,2650.19,2647.72,2648.08
2025-01-09 10:30:00,2648.08,2653.31,2647.5,2652.85
2025-01-09 11:00:00,2652.85,2653.73,2647.42,2647.81
2025-01-09 11:30:00,2647.81,2649.26,2644.98,2646.33
2025-01-09 12:00:00,2646.33,2646.69,2644.4,2645.44
2025-01-09 12:30:00,2645.44,2646.52,2638.41,2639.13
2025-01-09 13:00:00,2639.13,2640.98,2636.73,2637.36
2025-01-09 13:30:00,2637.36,2640.31,2635.52,2638.66
2025-01-09 14:00:00,2638.66,2640.74,2637.57,2638.83
2025-01-09 14:30:00,2638.83,2640.17,2637.48,2638.31
2025-01-09 15:00:00,2638.31,2640.69,2636.7,2639.73
2025-01-09 15:30:00,2639.73,2640.21,2638.39,2640.18
2025-01-09 16:00:00,2640.18,2641.82,2637.57,2639.69
2025-01-09 16:30:00,2639.69,2640.84,2637.91,2638.68
2025-01-09 17:00:00,2638.68,2639.52,2636.22,2637.15
2025-01-09 17:30:00,2637.15,2637.37,2630.5,2632.0
2025-01-09 18:00:00,2632.0,2632.39,2629.88,2631.35
2025-01-09 18:30:00,2631.35,2632.75,2628.07,2628.87
2025-01-09 19:00:00,2628.87,2630.12,2627.38,2629.27
2025-01-09 19:30:00,2629.27,2630.34,2626.67,2627.16
2025-01-09 20:00:00,2627.16,2629.02,2626.13,2628.13
2025-01-09 20:30:00,2628.13,2631.06,2628.01,2630.34
2025-01-09 21:00:00,2630.34,2631.82,2628.94,2629.73
2025-01-09 21:30:00,2629.73,2632.5,2628.59,2629.28
2025-01-09 22:00:00,2629.28,2629.37,2628.03,2628.63
2025-01-09 22:30:00,2628.63,2629.32,2626.36,2629.08
2025-01-09 23:00:00,2629.08,2629.17,2627.77,2628.94
2025-01-09 23:30:00,2628.94,2632.21,2627.5,2631.65
2025-01-10 00:00:00,2631.65,2632.5,2629.89,2631.71
2025-01-10 00:30:00,2631.71,2633.52,2628.34,2629.5
2025-01-10 01:00:00,2629.5,2630.62,2622.8,2625.07
2025-01-10 01:30:00,2625.07,2626.27,2623.28,2624.11
2025-01-10 02:00:00,2624.11,2624.28,2618.88,2619.62
2025-01-10 02:30:00,2619.62,2622.24,2618.25,2621.56
2025-01-10 03:00:00,2621.56,2625.04,2621.41,2623.76
2025-01-10 03:30:00,2623.76,2627.8,2622.71,2627.66
2025-01-10 04:00:00,2627.66,2629.54,2623.63,2624.17
2025-01-10 04:30:00,2624.17,2626.52,2619.65,2620.06
2025-01-10 05:00:00,2620.06,2620.99,2618.06,2618.68
2025-01-10 05:30:00,2618.68,2620.95,2617.58,2619.72
2025-01-10 06:00:00,2619.72,2620.07,2617.13,2619.33
2025-01-10 06:30:00,2619.33,2622.43,2618.28,2620.95
2025-01-10 07:00:00,2620.95,2625.15,2620.01,2624.64
2025-01-10 07:30:00,2624.64,2626.27,2622.85,2625.46
2025-01-10 08:00:00,2625.46,2625.98,2618.76,2621.25
2025-01-10 08:30:00,2621.25,2625.01,2619.92,2624.45
2025-01-10 09:00:00,2624.45,2625.98,2619.55,2620.39
2025-01-10 09:30:00,2620.39,2625.06,2619.56,2623.55
2025-01-10 10:00:00,2623.55,2627.36,2623.32,2625.58
2025-01-10 10:30:00,2625.58,2629.87,2625.36,2628.42
2025-01-10 11:00:00,2628.42,2628.44,2627.75,2628.29
2025-01-10 11:30:00,2628.29,2630.58,2626.75,2630.39
2025-01-10 12:00:00,2630.39,2631.3,2628.54,2629.13
2025-01-10 12:30:00,2629.13,2629.45,2626.87,2628.24
2025-01-10 13:00:00,2628.24,2633.68,2627.67,2633.15
2025-01-10 13:30:00,2633.15,2638.22,2632.23,2637.06
2025-01-10 14:00:00,2637.06,2637.89,2632.8,2634.43
2025-01-10 14:30:00,2634.43,2637.2,2633.99,2635.86
2025-01-10 15:00:00,2635.86,2637.57,2629.76,2630.9
2025-01-10 15:30:00,2630.9,2632.35,2630.3,2631.67
2025-01-10 16:00:00,2631.67,2633.57,2629.22,2632.24
2025-01-10 16:30:00,2632.24,2634.57,2630.59,2632.57
2025-01-10 17:00:00,2632.57,2634.75,2631.81,2633.95
2025-01-10 17:30:00,2633.95,2634.06,2629.59,2630.2
2025-01-10 18:00:00,2630.2,2637.77,2629.2,2636.38
2025-01-10 18:30:00,2636.38,2643.92,2635.07,2643.71
2025-01-10 19:00:00,2643.71,2643.94,2641.06,2642.24
2025-01-10 19:30:00,2642.24,2644.25,2639.89,2641.98
2025-01-10 20:00:00,2641.98,2642.05,2639.83,2640.54
2025-01-10 20:30:00,2640.54,2642.03,2639.47,2641.58
2025-01-10 21:00:00,2641.58,2641.88,2637.62,2638.04
2025-01-10 21:30:00,2638.04,2639.56,2632.8,2633.35
2025-01-10 22:00:00,2633.35,2639.49,2632.32,2638.73
2025-01-10 22:30:00,2638.73,2644.7,2638.62,2642.87
2025-01-10 23:00:00,2642.87,2643.57,2641.01,2643.54
2025-01-10 23:30:00,2643.54,2644.79,2639.92,2641.0
2025-01-11 00:00:00,2641.0,2644.43,2640.82,2643.14
2025-01-11 00:30:00,2643.14,2644.73,2640.05,2641.29
2025-01-11 01:00:00,2641.29,2641.62,2639.48,2641.13
2025-01-11 01:30:00,2641.13,2644.35,2638.53,2643.21
2025-01-11 02:00:00,2643.21,2643.72,2641.07,2643.48
2025-01-11 02:30:00,2643.48,2644.63,2637.54,2638.94
2025-01-11 03:00:00,2638.94,2641.29,2638.82,2639.55
2025-01-11 03:30:00,2639.55,2641.39,2639.45,2640.85
2025-01-11 04:00:00,2640.85,2641.94,2639.86,2641.02
2025-01-11 04:30:00,2641.02,2642.74,2638.32,2640.18
2025-01-11 05:00:00,2640.18,2640.26,2638.95,2639.75
2025-01-11 05:30:00,2639.75,2641.3,2637.53,2638.51
2025-01-11 06:00:00,2638.51,2639.35,2632.12,2633.66
2025-01-11 06:30:00,2633.66,2635.49,2632.98,2634.63
2025-01-11 07:00:00,2634.63,2635.22,2632.66,2632.99
2025-01-11 07:30:00,2632.99,2634.25,2628.58,2629.61
2025-01-11 08:00:00,2629.61,2632.66,2627.94,2631.36
2025-01-11 08:30:00,2631.36,2634.81,2629.85,2633.79
2025-01-11 09:00:00,2633.79,2635.82,2632.86,2633.57
2025-01-11 09:30:00,2633.57,2634.72,2631.68,2631.81
2025-01-11 10:00:00,2631.81,2634.05,2631.49,2633.69
2025-01-11 10:30:00,2633.69,2635.69,2628.03,2629.56
2025-01-11 11:00:00,2629.56,2631.31,2628.28,2630.98
2025-01-11 11:30:00,2630.98,2633.4,2630.78,2631.85
2025-01-11 12:00:00,2631.85,2632.15,2629.97,2630.32
2025-01-11 12:30:00,2630.32,2631.89,2628.32,2628.33
2025-01-11 13:00:00,2628.33,2631.5,2628.01,2630.93
2025-01-11 13:30:00,2630.93,2633.46,2624.56,2626.33
2025-01-11 14:00:00,2626.33,2628.65,2625.3,2627.31
2025-01-11 14:30:00,2627.31,2627.69,2624.47,2625.34
2025-01-11 15:00:00,2625.34,2629.44,2623.91,2627.88
2025-01-11 15:30:00,2627.88,2629.43,2627.58,2629.24
2025-01-11 16:00:00,2629.24,2633.1,2628.72,2631.54
2025-01-11 16:30:00,2631.54,2635.85,2629.81,2635.16
2025-01-11 17:00:00,2635.16,2636.41,2631.67,2632.09
2025-01-11 17:30:00,2632.09,2633.62,2631.76,2632.92
2025-01-11 18:00:00,2632.92,2633.27,2632.46,2633.12
2025-01-11 18:30:00,2633.12,2635.9,2632.47,2635.16
2025-01-11 19:00:00,2635.16,2636.29,2633.6,2634.48
2025-01-11 19:30:00,2634.48,2635.87,2632.83,2634.21
2025-01-11 20:00:00,2634.21,2634.73,2632.36,2634.09
2025-01-11 20:30:00,2634.09,2635.68,2630.61,2631.93
2025-01-11 21:00:00,2631.93,2632.33,2631.72,2632.11
2025-01-11 21:30:00,2632.11,2633.97,2631.6,2633.57
2025-01-11 22:00:00,2633.57,2634.52,2632.15,2634.52
2025-01-11 22:30:00,2634.52,2637.71,2633.75,2635.9
2025-01-11 23:00:00,2635.9,2638.36,2635.14,2638.18
2025-01-11 23:30:00,2638.18,2642.84,2638.06,2641.9
2025-01-12 00:00:00,2641.9,2643.02,2638.17,2640.1
2025-01-12 00:30:00,2640.1,2644.05,2639.55,2643.7
2025-01-12 01:00:00,2643.7,2646.66,2642.92,2645.25
2025-01-12 01:30:00,2645.25,2645.75,2639.64,2641.35
2025-01-12 02:00:00,2641.35,2641.42,2639.43,2640.89
2025-01-12 02:30:00,2640.89,2642.67,2639.4,2640.27
2025-01-12 03:00:00,2640.27,2643.76,2639.74,2642.47
2025-01-12 03:30:00,2642.47,2648.46,2641.93,2647.13
2025-01-12 04:00:00,2647.13,2648.67,2646.46,2648.1
2025-01-12 04:30:00,2648.1,2652.41,2647.8,2650.6
2025-01-12 05:00:00,2650.6,2655.7,2650.1,2653.7
2025-01-12 05:30:00,2653.7,2655.1,2649.32,2650.95
2025-01-12 06:00:00,2650.95,2653.25,2649.34,2652.49
2025-01-12 06:30:00,2652.49,2653.18,2649.09,2650.33
2025-01-12 07:00:00,2650.33,2652.55,2648.88,2650.33
2025-01-12 07:30:00,2650.33,2650.63,2647.62,2649.0
2025-01-12 08:00:00,2649.0,2649.89,2648.08,2648.21
2025-01-12 08:30:00,2648.21,2649.07,2646.61,2647.14
2025-01-12 09:00:00,2647.14,2650.18,2646.87,2648.94
2025-01-12 09:30:00,2648.94,2653.24,2648.03,2652.24
2025-01-12 10:00:00,2652.24,2654.91,2650.67,2653.82
2025-01-12 10:30:00,2653.82,2655.1,2651.22,2652.3
2025-01-12 11:00:00,2652.3,2653.46,2651.51,2653.12
2025-01-12 11:30:00,2653.12,2653.98,2648.7,2649.72
2025-01-12 12:00:00,2649.72,2652.45,2649.29,2651.37
2025-01-12 12:30:00,2651.37,2655.81,2651.3,2655.71
2025-01-12 13:00:00,2655.71,2658.02,2655.35,2657.37
2025-01-12 13:30:00,2657.37,2658.48,2654.96,2656.95
2025-01-12 14:00:00,2656.95,2658.48,2655.57,2656.27
2025-01-12 14:30:00,2656.27,2656.82,2651.29,2652.3
2025-01-12 15:00:00,2652.3,2655.21,2651.71,2654.88
2025-01-12 15:30:00,2654.88,2657.29,2653.57,2657.16
2025-01-12 16:00:00,2657.16,2662.28,2656.51,2661.08
2025-01-12 16:30:00,2661.08,2665.71,2660.13,2664.84
2025-01-12 17:00:00,2664.84,2666.25,2661.97,2662.86
2025-01-12 17:30:00,2662.86,2666.16,2662.24,2665.73
2025-01-12 18:00:00,2665.73,2666.05,2662.45,2664.76
2025-01-12 18:30:00,2664.76,2667.04,2663.84,2666.94
2025-01-12 19:00:00,2666.94,2668.27,2666.32,2667.89
2025-01-12 19:30:00,2667.89,2670.9,2666.91,2668.98
2025-01-12 20:00:00,2668.98,2669.11,2667.61,2668.77
2025-01-12 20:30:00,2668.77,2670.51,2668.39,2669.35
2025-01-12 21:00:00,2669.35,2670.16,2667.21,2667.61
2025-01-12 21:30:00,2667.61,2668.67,2665.98,2668.08
2025-01-12 22:00:00,2668.08,2668.25,2666.71,2667.09
2025-01-12 22:30:00,2667.09,2671.45,2666.03,2671.31
2025-01-12 23:00:00,2671.31,2672.73,2668.17,2669.14
2025-01-12 23:30:00,2669.14,2672.17,2667.7,2671.01
2025-01-13 00:00:00,2671.01,2673.8,2670.62,2672.91
2025-01-13 00:30:00,2672.91,2673.95,2669.01,2670.48
2025-01-13 01:00:00,2670.48,2671.08,2668.39,2668.7
2025-01-13 01:30:00,2668.7,2669.13,2666.66,2668.33
2025-01-13 02:00:00,2668.33,2668.5,2664.84,2665.65
2025-01-13 02:30:00,2665.65,2667.49,2664.71,2666.21
2025-01-13 03:00:00,2666.21,2669.4,2665.37,2668.85
2025-01-13 03:30:00,2668.85,2669.53,2665.24,2666.27
2025-01-13 04:00:00,2666.27,2667.07,2664.87,2665.5
2025-01-13 04:30:00,2665.5,2666.74,2662.55,2662.86
2025-01-13 05:00:00,2662.86,2666.42,2662.46,2664.94
2025-01-13 05:30:00,2664.94,2669.99,2664.55,2668.63
2025-01-13 06:00:00,2668.63,2668.7,2666.58,2668.28
2025-01-13 06:30:00,2668.28,2669.05,2663.92,2666.46
2025-01-13 07:00:00,2666.46,2669.6,2665.29,2668.44
2025-01-13 07:30:00,2668.44,2674.15,2667.1,2672.92
2025-01-13 08:00:00,2672.92,2677.35,2671.46,2676.08
2025-01-13 08:30:00,2676.08,2677.65,2675.28,2677.47
2025-01-13 09:00:00,2677.47,2678.84,2675.83,2677.5
2025-01-13 09:30:00,2677.5,2681.9,2677.23,2680.28
2025-01-13 10:00:00,2680.28,2682.32,2680.06,2681.61
2025-01-13 10:30:00,2681.61,2683.06,2676.85,2678.99
2025-01-13 11:00:00,2678.99,2680.2,2674.69,2676.01
2025-01-13 11:30:00,2676.01,2676.18,2672.5,2674.98
2025-01-13 12:00:00,2674.98,2678.23,2673.84,2675.93
2025-01-13 12:30:00,2675.93,2676.12,2674.9,2675.05
2025-01-13 13:00:00,2675.05,2680.02,2674.02,2679.0
2025-01-13 13:30:00,2679.0,2679.93,2675.35,2677.89
2025-01-13 14:00:00,2677.89,2679.51,2674.67,2675.09
2025-01-13 14:30:00,2675.09,2675.2,2674.94,2675.0
2025-01-13 15:00:00,2675.0,2676.24,2672.41,2673.73
2025-01-13 15:30:00,2673.73,2674.09,2669.27,2670.6
2025-01-13 16:00:00,2670.6,2671.48,2669.15,2669.31
2025-01-13 16:30:00,2669.31,2670.36,2666.18,2666.63
2025-01-13 17:00:00,2666.63,2668.23,2664.85,2667.41
2025-01-13 17:30:00,2667.41,2668.16,2663.73,2663.78
2025-01-13 18:00:00,2663.78,2664.31,2663.44,2663.73
2025-01-13 18:30:00,2663.73,2665.33,2662.49,2664.23
2025-01-13 19:00:00,2664.23,2664.52,2662.49,2662.84
2025-01-13 19:30:00,2662.84,2663.72,2661.5,2661.88
2025-01-13 20:00:00,2661.88,2663.56,2659.23,2660.58
2025-01-13 20:30:00,2660.58,2662.74,2659.75,2662.31
2025-01-13 21:00:00,2662.31,2664.46,2661.73,2663.1
2025-01-13 21:30:00,2663.1,2664.7,2660.94,2660.94
2025-01-13 22:00:00,2660.94,2662.64,2660.62,2660.94
2025-01-13 22:30:00,2660.94,2662.36,2660.34,2661.95
2025-01-13 23:00:00,2661.95,2662.68,2660.14,2661.03
2025-01-13 23:30:00,2661.03,2661.14,2660.39,2660.49
2025-01-14 00:00:00,2660.49,2660.83,2657.6,2658.22
2025-01-14 00:30:00,2658.22,2659.67,2655.9,2656.77
2025-01-14 01:00:00,2656.77,2656.91,2652.65,2652.74
2025-01-14 01:30:00,2652.74,2655.3,2651.87,2653.96
2025-01-14 02:00:00,2653.96,2657.15,2653.79,2656.15
2025-01-14 02:30:00,2656.15,2658.87,2655.45,2657.75
2025-01-14 03:00:00,2657.75,2658.7,2655.89,2656.85
2025-01-14 03:30:00,2656.85,2658.25,2655.44,2655.86
2025-01-14 04:00:00,2655.86,2657.37,2653.02,2653.41
2025-01-14 04:30:00,2653.41,2655.79,2653.18,2654.72
2025-01-14 05:00:00,2654.72,2656.93,2653.16,2656.59
2025-01-14 05:30:00,2656.59,2657.91,2655.82,2657.36
2025-01-14 06:00:00,2657.36,2665.65,2656.01,2664.41
2025-01-14 06:30:00,2664.41,2667.16,2664.39,2666.39
2025-01-14 07:00:00,2666.39,2666.41,2663.9,2664.55
2025-01-14 07:30:00,2664.55,2664.75,2661.37,2662.45
2025-01-14 08:00:00,2662.45,2663.53,2658.4,2659.35
2025-01-14 08:30:00,2659.35,2660.46,2654.78,2656.21
2025-01-14 09:00:00,2656.21,2657.86,2651.94,2652.87
2025-01-14 09:30:00,2652.87,2656.63,2652.2,2655.87
2025-01-14 10:00:00,2655.87,2656.97,2653.92,2655.21
2025-01-14 10:30:00,2655.21,2655.33,2652.46,2652.95
2025-01-14 11:00:00,2652.95,2655.56,2652.23,2655.01
2025-01-14 11:30:00,2655.01,2656.26,2654.72,2655.81
2025-01-14 12:00:00,2655.81,2657.5,2655.15,2656.31
2025-01-14 12:30:00,2656.31,2658.11,2655.19,2658.05
2025-01-14 13:00:00,2658.05,2659.37,2654.4,2654.59
2025-01-14 13:30:00,2654.59,2655.51,2652.18,2652.57
2025-01-14 14:00:00,2652.57,2656.36,2652.11,2655.61
2025-01-14 14:30:00,2655.61,2657.21,2655.49,2656.04
2025-01-14 15:00:00,2656.04,2658.4,2654.11,2657.11
2025-01-14 15:30:00,2657.11,2657.36,2655.15,2656.92
2025-01-14 16:00:00,2656.92,2657.76,2656.34,2657.02
2025-01-14 16:30:00,2657.02,2658.24,2653.69,2654.85
2025-01-14 17:00:00,2654.85,2655.82,2650.05,2651.42
2025-01-14 17:30:00,2651.42,2651.57,2649.26,2650.25
2025-01-14 18:00:00,2650.25,2652.08,2649.24,2651.28
2025-01-14 18:30:00,2651.28,2653.68,2648.9,2652.19
2025-01-14 19:00:00,2652.19,2654.82,2651.0,2653.04
2025-01-14 19:30:00,2653.04,2654.52,2652.4,2653.83
2025-01-14 20:00:00,2653.83,2657.11,2653.69,2656.17
2025-01-14 20:30:00,2656.17,2656.66,2654.65,2655.49
2025-01-14 21:00:00,2655.49,2657.54,2654.02,2655.9
2025-01-14 21:30:00,2655.9,2657.17,2654.61,2656.86
2025-01-14 22:00:00,2656.86,2656.99,2653.41,2654.33
2025-01-14 22:30:00,2654.33,2656.9,2653.62,2656.06
2025-01-14 23:00:00,2656.06,2657.71,2654.21,2656.69
2025-01-14 23:30:00,2656.69,2657.66,2652.39,2653.54
2025-01-15 00:00:00,2653.54,2654.08,2649.85,2651.38
2025-01-15 00:30:00,2651.38,2653.06,2647.49,2647.62
2025-01-15 01:00:00,2647.62,2651.29,2647.44,2650.52
2025-01-15 01:30:00,2650.52,2652.04,2648.88,2650.06
2025-01-15 02:00:00,2650.06,2651.12,2646.77,2648.12
2025-01-15 02:30:00,2648.12,2648.73,2645.93,2647.5
2025-01-15 03:00:00,2647.5,2650.25,2646.38,2649.02
2025-01-15 03:30:00,2649.02,2650.35,2643.28,2644.98
2025-01-15 04:00:00,2644.98,2649.68,2643.48,2648.74
2025-01-15 04:30:00,2648.74,2650.38,2643.72,2646.03
2025-01-15 05:00:00,2646.03,2652.74,2644.5,2651.11
2025-01-15 05:30:00,2651.11,2655.46,2650.25,2654.0
2025-01-15 06:00:00,2654.0,2654.27,2650.95,2652.34
2025-01-15 06:30:00,2652.34,2656.38,2650.85,2654.67
2025-01-15 07:00:00,2654.67,2655.62,2653.66,2654.93
2025-01-15 07:30:00,2654.93,2656.06,2654.26,2654.48
2025-01-15 08:00:00,2654.48,2656.55,2650.85,2651.1
2025-01-15 08:30:00,2651.1,2653.2,2648.63,2649.89
2025-01-15 09:00:00,2649.89,2651.11,2649.11,2651.05
2025-01-15 09:30:00,2651.05,2653.98,2649.85,2652.39
2025-01-15 10:00:00,2652.39,2652.52,2649.34,2650.06
2025-01-15 10:30:00,2650.06,2650.29,2646.76,2648.0
2025-01-15 11:00:00,2648.0,2650.02,2647.96,2649.63
2025-01-15 11:30:00,2649.63,2650.81,2645.75,2646.43
2025-01-15 12:00:00,2646.43,2650.51,2645.79,2649.14
2025-01-15 12:30:00,2649.14,2650.74,2644.65,2645.74
2025-01-15 13:00:00,2645.74,2646.19,2642.14,2644.31
2025-01-15 13:30:00,2644.31,2644.73,2639.51,2641.27
2025-01-15 14:00:00,2641.27,2642.9,2638.13,2638.8
2025-01-15 14:30:00,2638.8,2639.4,2638.77,2639.17
2025-01-15 15:00:00,2639.17,2641.41,2637.88,2640.42
2025-01-15 15:30:00,2640.42,2641.18,2635.15,2636.28
2025-01-15 16:00:00,2636.28,2637.91,2635.57,2636.75
2025-01-15 16:30:00,2636.75,2638.42,2630.42,2631.26
2025-01-15 17:00:00,2631.26,2631.52,2623.93,2625.64
2025-01-15 17:30:00,2625.64,2627.1,2623.48,2624.89
2025-01-15 18:00:00,2624.89,2629.37,2624.09,2627.57
2025-01-15 18:30:00,2627.57,2632.01,2626.07,2631.06
2025-01-15 19:00:00,2631.06,2631.51,2629.75,2631.28
2025-01-15 19:30:00,2631.28,2632.83,2630.11,2631.82
2025-01-15 20:00:00,2631.82,2632.92,2631.69,2632.27
2025-01-15 20:30:00,2632.27,2634.44,2629.87,2630.34
2025-01-15 21:00:00,2630.34,2631.76,2625.83,2627.37
2025-01-15 21:30:00,2627.37,2631.1,2626.35,2629.94
2025-01-15 22:00:00,2629.94,2630.88,2627.01,2627.93
2025-01-15 22:30:00,2627.93,2630.2,2626.36,2629.42
2025-01-15 23:00:00,2629.42,2630.47,2626.8,2628.88
2025-01-15 23:30:00,2628.88,2629.73,2627.43,2627.96
2025-01-16 00:00:00,2627.96,2629.43,2626.41,2627.38
2025-01-16 00:30:00,2627.38,2628.18,2625.93,2626.6
2025-01-16 01:00:00,2626.6,2626.63,2623.51,2623.87
2025-01-16 01:30:00,2623.87,2625.81,2623.79,2625.71
2025-01-16 02:00:00,2625.71,2626.58,2624.41,2625.57
2025-01-16 02:30:00,2625.57,2627.23,2623.06,2623.63
2025-01-16 03:00:00,2623.63,2625.67,2621.99,2625.26
2025-01-16 03:30:00,2625.26,2627.72,2624.24,2627.25
2025-01-16 04:00:00,2627.25,2629.92,2627.03,2629.81
2025-01-16 04:30:00,2629.81,2635.82,2628.94,2634.57
2025-01-16 05:00:00,2634.57,2636.25,2633.83,2635.43
2025-01-16 05:30:00,2635.43,2637.9,2634.84,2636.24
2025-01-16 06:00:00,2636.24,2637.12,2633.3,2633.77
2025-01-16 06:30:00,2633.77,2637.14,2632.94,2636.67
2025-01-16 07:00:00,2636.67,2640.53,2635.1,2640.46
2025-01-16 07:30:00,2640.46,2640.52,2638.58,2640.4
2025-01-16 08:00:00,2640.4,2643.69,2640.19,2643.04
2025-01-16 08:30:00,2643.04,2644.45,2641.63,2641.8
2025-01-16 09:00:00,2641.8,2641.95,2636.84,2637.64
2025-01-16 09:30:00,2637.64,2638.31,2636.24,2636.69
2025-01-16 10:00:00,2636.69,2638.06,2631.83,2633.69
2025-01-16 10:30:00,2633.69,2636.22,2633.31,2635.92
2025-01-16 11:00:00,2635.92,2635.94,2630.74,2631.93
2025-01-16 11:30:00,2631.93,2637.91,2630.32,2636.26
2025-01-16 12:00:00,2636.26,2636.74,2633.3,2633.61
2025-01-16 12:30:00,2633.61,2636.94,2632.49,2636.06
2025-01-16 13:00:00,2636.06,2636.98,2634.59,2635.6
2025-01-16 13:30:00,2635.6,2636.66,2632.49,2633.22
2025-01-16 14:00:00,2633.22,2637.5,2631.83,2636.19
2025-01-16 14:30:00,2636.19,2637.59,2631.51,2633.27
2025-01-16 15:00:00,2633.27,2634.06,2629.04,2630.13
2025-01-16 15:30:00,2630.13,2632.33,2629.79,2632.01
2025-01-16 16:00:00,2632.01,2632.85,2628.89,2629.78
2025-01-16 16:30:00,2629.78,2634.26,2629.52,2632.28
2025-01-16 17:00:00,2632.28,2632.37,2628.04,2629.3
2025-01-16 17:30:00,2629.3,2630.33,2624.76,2625.24
2025-01-16 18:00:00,2625.24,2628.49,2624.73,2628.05
2025-01-16 18:30:00,2628.05,2632.13,2626.74,2630.83
2025-01-16 19:00:00,2630.83,2635.51,2628.53,2634.37
2025-01-16 19:30:00,2634.37,2635.24,2630.05,2631.77
2025-01-16 20:00:00,2631.77,2633.03,2629.99,2631.16
2025-01-16 20:30:00,2631.16,2631.87,2627.22,2627.73
2025-01-16 21:00:00,2627.73,2633.28,2626.0,2631.4
2025-01-16 21:30:00,2631.4,2632.88,2628.4,2630.61
2025-01-16 22:00:00,2630.61,2631.87,2626.9,2628.11
2025-01-16 22:30:00,2628.11,2631.56,2627.15,2630.57
2025-01-16 23:00:00,2630.57,2631.07,2628.46,2629.17
2025-01-16 23:30:00,2629.17,2630.26,2619.07,2621.13
2025-01-17 00:00:00,2621.13,2628.19,2620.35,2627.28
2025-01-17 00:30:00,2627.28,2627.94,2619.58,2621.55
2025-01-17 01:00:00,2621.55,2623.09,2619.82,2622.85
2025-01-17 01:30:00,2622.85,2627.56,2621.93,2626.51
2025-01-17 02:00:00,2626.51,2628.13,2621.6,2623.12
2025-01-17 02:30:00,2623.12,2623.87,2621.59,2622.28
2025-01-17 03:00:00,2622.28,2623.94,2621.5,2623.36
2025-01-17 03:30:00,2623.36,2624.33,2622.27,2623.24
2025-01-17 04:00:00,2623.24,2624.4,2621.6,2622.22
2025-01-17 04:30:00,2622.22,2625.26,2621.43,2623.86
2025-01-17 05:00:00,2623.86,2627.59,2623.52,2625.81
2025-01-17 05:30:00,2625.81,2626.13,2621.71,2623.21
2025-01-17 06:00:00,2623.21,2625.31,2621.54,2622.0
2025-01-17 06:30:00,2622.0,2622.69,2619.18,2619.5
2025-01-17 07:00:00,2619.5,2620.73,2618.91,2619.36
2025-01-17 07:30:00,2619.36,2620.57,2615.07,2615.38
2025-01-17 08:00:00,2615.38,2615.69,2613.33,2613.64
2025-01-17 08:30:00,2613.64,2614.06,2606.88,2606.98
2025-01-17 09:00:00,2606.98,2611.74,2605.93,2611.1
2025-01-17 09:30:00,2611.1,2611.67,2608.29,2608.32
2025-01-17 10:00:00,2608.32,2612.79,2607.5,2611.73
2025-01-17 10:30:00,2611.73,2613.17,2609.78,2610.12
2025-01-17 11:00:00,2610.12,2610.4,2608.27,2609.49
2025-01-17 11:30:00,2609.49,2611.95,2608.93,2610.5
2025-01-17 12:00:00,2610.5,2614.17,2610.37,2613.66
2025-01-17 12:30:00,2613.66,2616.34,2608.24,2610.58
2025-01-17 13:00:00,2610.58,2613.92,2609.71,2612.42
2025-01-17 13:30:00,2612.42,2615.06,2612.07,2614.85
2025-01-17 14:00:00,2614.85,2615.93,2611.61,2612.05
2025-01-17 14:30:00,2612.05,2614.36,2610.33,2613.95
2025-01-17 15:00:00,2613.95,2614.35,2612.63,2614.15
2025-01-17 15:30:00,2614.15,2615.21,2610.06,2610.68
2025-01-17 16:00:00,2610.68,2616.19,2610.17,2613.98
2025-01-17 16:30:00,2613.98,2616.27,2611.23,2613.21
2025-01-17 17:00:00,2613.21,2614.84,2610.54,2612.46
2025-01-17 17:30:00,2612.46,2612.8,2611.74,2611.81
2025-01-17 18:00:00,2611.81,2612.57,2610.31,2610.7
2025-01-17 18:30:00,2610.7,2611.84,2605.64,2606.07
2025-01-17 19:00:00,2606.07,2606.86,2605.04,2605.91
2025-01-17 19:30:00,2605.91,2611.12,2604.9,2609.77
2025-01-17 20:00:00,2609.77,2610.64,2609.01,2609.37
2025-01-17 20:30:00,2609.37,2610.51,2608.05,2608.51
2025-01-17 21:00:00,2608.51,2608.72,2606.26,2607.12
2025-01-17 21:30:00,2607.12,2609.9,2606.24,2608.54
2025-01-17 22:00:00,2608.54,2608.64,2606.02,2607.34
2025-01-17 22:30:00,2607.34,2609.15,2605.28,2608.78
2025-01-17 23:00:00,2608.78,2609.61,2607.51,2608.19
2025-01-17 23:30:00,2608.19,2608.8,2603.34,2604.35
2025-01-18 00:00:00,2604.35,2604.61,2601.77,2602.56
2025-01-18 00:30:00,2602.56,2604.19,2600.34,2600.96
2025-01-18 01:00:00,2600.96,2603.08,2600.22,2601.49
2025-01-18 01:30:00,2601.49,2605.03,2601.1,2604.28
2025-01-18 02:00:00,2604.28,2609.21,2602.9,2608.17
2025-01-18 02:30:00,2608.17,2611.31,2607.65,2610.64
2025-01-18 03:00:00,2610.64,2611.85,2608.02,2608.22
2025-01-18 03:30:00,2608.22,2610.88,2607.65,2609.84
2025-01-18 04:00:00,2609.84,2611.28,2608.75,2611.03
2025-01-18 04:30:00,2611.03,2611.06,2607.32,2607.71
2025-01-18 05:00:00,2607.71,2611.48,2607.38,2611.11
2025-01-18 05:30:00,2611.11,2614.16,2610.64,2613.28
2025-01-18 06:00:00,2613.28,2618.05,2611.31,2616.79
2025-01-18 06:30:00,2616.79,2617.9,2614.74,2616.16
2025-01-18 07:00:00,2616.16,2618.15,2615.01,2617.97
2025-01-18 07:30:00,2617.97,2624.06,2616.85,2622.57
2025-01-18 08:00:00,2622.57,2623.98,2618.29,2618.97
2025-01-18 08:30:00,2618.97,2619.77,2615.94,2617.14
2025-01-18 09:00:00,2617.14,2617.18,2615.15,2615.18
2025-01-18 09:30:00,2615.18,2618.96,2614.31,2616.85
2025-01-18 10:00:00,2616.85,2618.8,2610.48,2612.36
2025-01-18 10:30:00,2612.36,2613.18,2608.88,2609.28
2025-01-18 11:00:00,2609.28,2611.31,2608.52,2610.78
2025-01-18 11:30:00,2610.78,2611.76,2609.31,2610.45
2025-01-18 12:00:00,2610.45,2610.69,2607.5,2608.8
2025-01-18 12:30:00,2608.8,2610.11,2608.31,2609.9
2025-01-18 13:00:00,2609.9,2612.6,2608.92,2612.47
2025-01-18 13:30:00,2612.47,2614.84,2611.98,2614.0
2025-01-18 14:00:00,2614.0,2614.86,2612.52,2614.33
2025-01-18 14:30:00,2614.33,2618.06,2613.4,2617.41
2025-01-18 15:00:00,2617.41,2619.36,2614.0,2615.25
2025-01-18 15:30:00,2615.25,2615.73,2612.96,2613.62
2025-01-18 16:00:00,2613.62,2615.23,2608.56,2609.89
2025-01-18 16:30:00,2609.89,2612.01,2608.62,2611.83
2025-01-18 17:00:00,2611.83,2612.88,2610.89,2612.74
2025-01-18 17:30:00,2612.74,2615.33,2611.96,2614.26
2025-01-18 18:00:00,2614.26,2615.59,2613.95,2615.03
2025-01-18 18:30:00,2615.03,2616.48,2613.51,2615.71
2025-01-18 19:00:00,2615.71,2620.19,2615.67,2619.04
2025-01-18 19:30:00,2619.04,2627.87,2617.72,2627.02
2025-01-18 20:00:00,2627.02,2628.29,2626.42,2626.78
2025-01-18 20:30:00,2626.78,2633.25,2625.27,2632.1
2025-01-18 21:00:00,2632.1,2634.34,2630.22,2630.7
2025-01-18 21:30:00,2630.7,2633.32,2629.28,2633.07
2025-01-18 22:00:00,2633.07,2635.33,2631.26,2633.68
2025-01-18 22:30:00,2633.68,2634.54,2632.85,2633.04
2025-01-18 23:00:00,2633.04,2633.99,2629.95,2630.82
2025-01-18 23:30:00,2630.82,2637.09,2629.2,2636.33
2025-01-19 00:00:00,2636.33,2637.95,2634.56,2635.18
2025-01-19 00:30:00,2635.18,2635.71,2632.66,2633.23
2025-01-19 01:00:00,2633.23,2635.33,2632.8,2634.66
2025-01-19 01:30:00,2634.66,2635.81,2633.05,2634.03
2025-01-19 02:00:00,2634.03,2640.83,2633.14,2639.32
2025-01-19 02:30:00,2639.32,2639.86,2637.98,2639.27
2025-01-19 03:00:00,2639.27,2641.15,2636.65,2637.4
2025-01-19 03:30:00,2637.4,2640.32,2636.71,2638.36
2025-01-19 04:00:00,2638.36,2638.46,2637.26,2637.87
2025-01-19 04:30:00,2637.87,2639.18,2636.91,2637.04
2025-01-19 05:00:00,2637.04,2638.06,2635.41,2635.42
2025-01-19 05:30:00,2635.42,2636.18,2634.03,2634.69
2025-01-19 06:00:00,2634.69,2637.67,2633.82,2636.3
2025-01-19 06:30:00,2636.3,2639.88,2636.01,2639.35
2025-01-19 07:00:00,2639.35,2645.39,2638.23,2643.55
2025-01-19 07:30:00,2643.55,2643.8,2640.72,2641.03
2025-01-19 08:00:00,2641.03,2643.75,2640.51,2642.19
2025-01-19 08:30:00,2642.19,2644.78,2639.6,2640.43
2025-01-19 09:00:00,2640.43,2642.02,2638.42,2638.93
2025-01-19 09:30:00,2638.93,2639.0,2635.83,2636.21
2025-01-19 10:00:00,2636.21,2637.29,2634.18,2635.93
2025-01-19 10:30:00,2635.93,2636.52,2633.69,2634.29
2025-01-19 11:00:00,2634.29,2637.09,2634.24,2636.46
2025-01-19 11:30:00,2636.46,2640.36,2635.44,2640.24
2025-01-19 12:00:00,2640.24,2641.02,2637.1,2638.17
2025-01-19 12:30:00,2638.17,2638.78,2636.62,2638.53
2025-01-19 13:00:00,2638.53,2638.66,2634.96,2636.92
2025-01-19 13:30:00,2636.92,2637.05,2633.79,2635.05
2025-01-19 14:00:00,2635.05,2639.63,2632.87,2638.42
2025-01-19 14:30:00,2638.42,2638.81,2637.41,2638.54
2025-01-19 15:00:00,2638.54,2639.84,2632.65,2633.31
2025-01-19 15:30:00,2633.31,2633.33,2632.71,2633.27
2025-01-19 16:00:00,2633.27,2638.45,2632.14,2636.76
2025-01-19 16:30:00,2636.76,2638.27,2634.84,2635.82
2025-01-19 17:00:00,2635.82,2637.01,2634.89,2635.08
2025-01-19 17:30:00,2635.08,2635.88,2630.9,2631.13
2025-01-19 18:00:00,2631.13,2631.94,2629.41,2630.49
2025-01-19 18:30:00,2630.49,2632.14,2627.88,2629.6
2025-01-19 19:00:00,2629.6,2634.75,2628.3,2633.5
2025-01-19 19:30:00,2633.5,2634.95,2630.69,2631.07
2025-01-19 20:00:00,2631.07,2633.36,2629.53,2632.28
2025-01-19 20:30:00,2632.28,2633.46,2627.24,2629.39
2025-01-19 21:00:00,2629.39,2632.09,2628.42,2631.87
2025-01-19 21:30:00,2631.87,2640.47,2629.24,2639.47
2025-01-19 22:00:00,2639.47,2639.74,2637.31,2639.4
2025-01-19 22:30:00,2639.4,2639.98,2637.46,2637.78
2025-01-19 23:00:00,2637.78,2639.62,2635.59,2636.93
2025-01-19 23:30:00,2636.93,2637.46,2634.49,2635.69
2025-01-20 00:00:00,2635.69,2636.78,2633.8,2633.85
2025-01-20 00:30:00,2633.85,2634.34,2629.9,2631.68
2025-01-20 01:00:00,2631.68,2634.49,2631.48,2632.22
2025-01-20 01:30:00,2632.22,2633.4,2630.14,2630.75
2025-01-20 02:00:00,2630.75,2631.85,2628.8,2630.57
2025-01-20 02:30:00,2630.57,2630.77,2627.75,2629.03
2025-01-20 03:00:00,2629.03,2629.86,2626.46,2627.72
2025-01-20 03:30:00,2627.72,2628.96,2626.64,2627.09
2025-01-20 04:00:00,2627.09,2627.75,2622.91,2624.77
2025-01-20 04:30:00,2624.77,2627.48,2623.57,2626.84
2025-01-20 05:00:00,2626.84,2636.01,2625.28,2633.46
2025-01-20 05:30:00,2633.46,2633.66,2632.46,2633.58
2025-01-20 06:00:00,2633.58,2634.65,2632.18,2632.96
2025-01-20 06:30:00,2632.96,2635.14,2630.98,2633.45
2025-01-20 07:00:00,2633.45,2633.92,2631.97,2633.48
2025-01-20 07:30:00,2633.48,2635.67,2632.93,2633.49
2025-01-20 08:00:00,2633.49,2634.43,2631.94,2632.52
2025-01-20 08:30:00,2632.52,2633.34,2628.32,2629.72
2025-01-20 09:00:00,2629.72,2633.22,2629.18,2632.12
2025-01-20 09:30:00,2632.12,2633.37,2630.14,2631.26
2025-01-20 10:00:00,2631.26,2633.16,2630.33,2630.91
2025-01-20 10:30:00,2630.91,2635.76,2629.75,2635.7
2025-01-20 11:00:00,2635.7,2636.73,2633.23,2633.63
2025-01-20 11:30:00,2633.63,2638.44,2632.33,2637.77
2025-01-20 12:00:00,2637.77,2638.56,2631.83,2633.66
2025-01-20 12:30:00,2633.66,2633.88,2628.59,2630.77
2025-01-20 13:00:00,2630.77,2631.08,2624.52,2626.21
2025-01-20 13:30:00,2626.21,2627.47,2622.19,2623.23
2025-01-20 14:00:00,2623.23,2624.09,2621.78,2622.01
2025-01-20 14:30:00,2622.01,2623.39,2621.85,2622.24
2025-01-20 15:00:00,2622.24,2623.64,2616.67,2617.59
2025-01-20 15:30:00,2617.59,2619.23,2614.37,2615.71
2025-01-20 16:00:00,2615.71,2617.18,2613.15,2615.31
2025-01-20 16:30:00,2615.31,2617.34,2614.16,2615.71
2025-01-20 17:00:00,2615.71,2617.1,2614.78,2616.98
2025-01-20 17:30:00,2616.98,2619.82,2615.26,2618.38
2025-01-20 18:00:00,2618.38,2620.12,2615.52,2616.7
2025-01-20 18:30:00,2616.7,2621.4,2616.39,2619.29
2025-01-20 19:00:00,2619.29,2621.31,2618.71,2620.51
2025-01-20 19:30:00,2620.51,2623.32,2619.73,2621.7
2025-01-20 20:00:00,2621.7,2621.9,2619.79,2620.06
2025-01-20 20:30:00,2620.06,2621.13,2615.42,2616.41
2025-01-20 21:00:00,2616.41,2620.69,2616.2,2619.92
2025-01-20 21:30:00,2619.92,2622.21,2616.67,2617.78
2025-01-20 22:00:00,2617.78,2621.43,2617.0,2620.77
2025-01-20 22:30:00,2620.77,2621.3,2618.13,2619.44
2025-01-20 23:00:00,2619.44,2621.33,2617.18,2618.57
2025-01-20 23:30:00,2618.57,2621.93,2617.84,2620.51
2025-01-21 00:00:00,2620.51,2621.65,2617.3,2619.95
2025-01-21 00:30:00,2619.95,2621.4,2618.34,2620.25
2025-01-21 01:00:00,2620.25,2623.61,2619.49,2622.62
2025-01-21 01:30:00,2622.62,2628.78,2621.13,2627.02
2025-01-21 02:00:00,2627.02,2628.5,2624.5,2624.65
2025-01-21 02:30:00,2624.65,2625.7,2620.97,2621.81
2025-01-21 03:00:00,2621.81,2622.94,2617.56,2618.97
2025-01-21 03:30:00,2618.97,2623.19,2618.86,2622.06
2025-01-21 04:00:00,2622.06,2622.97,2617.29,2618.93
2025-01-21 04:30:00,2618.93,2619.9,2616.77,2619.53
2025-01-21 05:00:00,2619.53,2620.22,2618.01,2620.07
2025-01-21 05:30:00,2620.07,2621.98,2619.35,2621.21
2025-01-21 06:00:00,2621.21,2621.4,2618.9,2619.46
2025-01-21 06:30:00,2619.46,2625.33,2618.43,2624.99
2025-01-21 07:00:00,2624.99,2625.92,2624.04,2625.19
2025-01-21 07:30:00,2625.19,2627.99,2624.89,2625.14
2025-01-21 08:00:00,2625.14,2626.71,2619.39,2621.31
2025-01-21 08:30:00,2621.31,2621.95,2617.16,2618.1
2025-01-21 09:00:00,2618.1,2618.99,2616.8,2618.26
2025-01-21 09:30:00,2618.26,2619.4,2614.95,2616.62
2025-01-21 10:00:00,2616.62,2621.49,2616.04,2619.77
2025-01-21 10:30:00,2619.77,2620.67,2617.31,2619.17
2025-01-21 11:00:00,2619.17,2621.92,2618.63,2621.67
2025-01-21 11:30:00,2621.67,2624.61,2621.2,2624.18
2025-01-21 12:00:00,2624.18,2625.36,2615.04,2616.45
2025-01-21 12:30:00,2616.45,2616.74,2613.26,2613.78
2025-01-21 13:00:00,2613.78,2616.04,2613.52,2615.22
2025-01-21 13:30:00,2615.22,2619.6,2613.12,2617.7
2025-01-21 14:00:00,2617.7,2620.65,2617.49,2619.51
2025-01-21 14:30:00,2619.51,2620.53,2615.57,2616.45
2025-01-21 15:00:00,2616.45,2616.56,2614.76,2615.69
2025-01-21 15:30:00,2615.69,2616.16,2612.26,2613.33
2025-01-21 16:00:00,2613.33,2614.11,2609.98,2610.68
2025-01-21 16:30:00,2610.68,2613.26,2610.06,2612.53
2025-01-21 17:00:00,2612.53,2618.43,2612.45,2616.24
2025-01-21 17:30:00,2616.24,2616.54,2612.23,2612.9
2025-01-21 18:00:00,2612.9,2614.71,2611.88,2614.29
2025-01-21 18:30:00,2614.29,2615.78,2610.27,2611.76
2025-01-21 19:00:00,2611.76,2614.06,2610.44,2612.61
2025-01-21 19:30:00,2612.61,2613.47,2609.15,2610.52
2025-01-21 20:00:00,2610.52,2611.73,2608.77,2610.18
2025-01-21 20:30:00,2610.18,2610.69,2608.03,2608.8
2025-01-21 21:00:00,2608.8,2613.86,2606.76,2612.18
2025-01-21 21:30:00,2612.18,2613.94,2609.98,2611.5
2025-01-21 22:00:00,2611.5,2614.14,2610.83,2613.58
2025-01-21 22:30:00,2613.58,2616.6,2612.83,2616.47
2025-01-21 23:00:00,2616.47,2623.8,2615.93,2622.29
2025-01-21 23:30:00,2622.29,2623.42,2617.93,2618.79
2025-01-22 00:00:00,2618.79,2620.94,2618.13,2620.5
2025-01-22 00:30:00,2620.5,2621.21,2618.86,2620.5
2025-01-22 01:00:00,2620.5,2626.51,2619.87,2626.38
2025-01-22 01:30:00,2626.38,2627.59,2623.35,2624.52
2025-01-22 02:00:00,2624.52,2625.54,2624.36,2624.43
2025-01-22 02:30:00,2624.43,2627.9,2623.85,2627.01
2025-01-22 03:00:00,2627.01,2629.54,2625.96,2628.22
2025-01-22 03:30:00,2628.22,2631.03,2628.22,2629.29
2025-01-22 04:00:00,2629.29,2631.54,2629.2,2629.61
2025-01-22 04:30:00,2629.61,2631.27,2626.23,2627.29
2025-01-22 05:00:00,2627.29,2628.58,2625.95,2627.95
2025-01-22 05:30:00,2627.95,2636.59,2626.85,2635.45
2025-01-22 06:00:00,2635.45,2640.05,2635.22,2638.08
2025-01-22 06:30:00,2638.08,2640.03,2637.04,2638.35
2025-01-22 07:00:00,2638.35,2641.86,2636.94,2640.65
2025-01-22 07:30:00,2640.65,2646.03,2639.28,2644.78
2025-01-22 08:00:00,2644.78,2647.03,2644.06,2646.51
2025-01-22 08:30:00,2646.51,2647.57,2645.49,2645.94
2025-01-22 09:00:00,2645.94,2647.04,2644.75,2645.27
2025-01-22 09:30:00,2645.27,2646.17,2645.16,2645.52
2025-01-22 10:00:00,2645.52,2647.36,2641.83,2642.88
2025-01-22 10:30:00,2642.88,2646.48,2640.71,2645.92
2025-01-22 11:00:00,2645.92,2649.65,2644.4,2648.97
2025-01-22 11:30:00,2648.97,2651.49,2648.32,2651.32
2025-01-22 12:00:00,2651.32,2651.75,2650.06,2650.87
2025-01-22 12:30:00,2650.87,2653.96,2648.61,2652.34
2025-01-22 13:00:00,2652.34,2657.33,2651.39,2656.3
2025-01-22 13:30:00,2656.3,2659.57,2654.88,2658.72
2025-01-22 14:00:00,2658.72,2659.5,2655.42,2657.81
2025-01-22 14:30:00,2657.81,2658.65,2655.13,2656.89
2025-01-22 15:00:00,2656.89,2657.8,2654.58,2655.61
2025-01-22 15:30:00,2655.61,2657.14,2655.31,2655.98
2025-01-22 16:00:00,2655.98,2659.94,2655.51,2658.77
2025-01-22 16:30:00,2658.77,2659.38,2658.25,2658.61
2025-01-22 17:00:00,2658.61,2661.36,2657.53,2659.08
2025-01-22 17:30:00,2659.08,2662.24,2658.39,2661.92
2025-01-22 18:00:00,2661.92,2663.37,2658.04,2659.85
2025-01-22 18:30:00,2659.85,2661.26,2656.67,2657.93
2025-01-22 19:00:00,2657.93,2662.01,2657.18,2661.53
2025-01-22 19:30:00,2661.53,2661.92,2659.31,2660.27
2025-01-22 20:00:00,2660.27,2661.41,2656.6,2656.83
2025-01-22 20:30:00,2656.83,2657.38,2654.12,2656.04
2025-01-22 21:00:00,2656.04,2659.39,2655.36,2658.66
2025-01-22 21:30:00,2658.66,2660.96,2657.3,2660.31
2025-01-22 22:00:00,2660.31,2662.43,2659.71,2661.14
2025-01-22 22:30:00,2661.14,2662.21,2657.69,2658.48
2025-01-22 23:00:00,2658.48,2659.14,2657.01,2658.95
2025-01-22 23:30:00,2658.95,2661.71,2658.84,2660.74
2025-01-23 00:00:00,2660.74,2663.71,2659.61,2663.12
2025-01-23 00:30:00,2663.12,2666.15,2662.82,2664.99
2025-01-23 01:00:00,2664.99,2667.17,2660.47,2660.87
2025-01-23 01:30:00,2660.87,2662.05,2659.23,2660.83
2025-01-23 02:00:00,2660.83,2663.34,2660.74,2663.31
2025-01-23 02:30:00,2663.31,2663.39,2659.3,2661.71
2025-01-23 03:00:00,2661.71,2662.61,2661.7,2661.98
2025-01-23 03:30:00,2661.98,2667.76,2661.61,2665.41
2025-01-23 04:00:00,2665.41,2666.62,2664.83,2666.35
2025-01-23 04:30:00,2666.35,2669.12,2665.02,2667.79
2025-01-23 05:00:00,2667.79,2670.3,2664.36,2664.57
2025-01-23 05:30:00,2664.57,2665.68,2662.44,2664.63
2025-01-23 06:00:00,2664.63,2665.59,2663.73,2663.94
2025-01-23 06:30:00,2663.94,2668.46,2661.88,2667.74
2025-01-23 07:00:00,2667.74,2673.34,2666.66,2672.59
2025-01-23 07:30:00,2672.59,2674.67,2671.92,2673.89
2025-01-23 08:00:00,2673.89,2675.28,2671.98,2674.81
2025-01-23 08:30:00,2674.81,2674.97,2669.49,2670.95
2025-01-23 09:00:00,2670.95,2671.72,2669.28,2669.65
2025-01-23 09:30:00,2669.65,2671.17,2664.67,2665.87
2025-01-23 10:00:00,2665.87,2668.18,2663.62,2667.65
2025-01-23 10:30:00,2667.65,2668.26,2665.98,2667.08
2025-01-23 11:00:00,2667.08,2668.18,2665.82,2666.89
2025-01-23 11:30:00,2666.89,2668.7,2666.73,2668.04
2025-01-23 12:00:00,2668.04,2669.78,2667.8,2668.46
2025-01-23 12:30:00,2668.46,2669.01,2664.96,2666.32
2025-01-23 13:00:00,2666.32,2666.94,2662.6,2662.91
2025-01-23 13:30:00,2662.91,2663.08,2661.12,2662.22
2025-01-23 14:00:00,2662.22,2666.61,2662.03,2664.3
2025-01-23 14:30:00,2664.3,2666.84,2663.16,2665.17
2025-01-23 15:00:00,2665.17,2666.28,2664.92,2665.56
2025-01-23 15:30:00,2665.56,2668.3,2664.59,2668.13
2025-01-23 16:00:00,2668.13,2669.74,2662.04,2663.48
2025-01-23 16:30:00,2663.48,2666.15,2663.15,2664.3
2025-01-23 17:00:00,2664.3,2666.8,2663.1,2666.34
2025-01-23 17:30:00,2666.34,2669.74,2665.87,2669.6
2025-01-23 18:00:00,2669.6,2670.37,2666.96,2667.06
2025-01-23 18:30:00,2667.06,2668.32,2662.47,2663.31
2025-01-23 19:00:00,2663.31,2666.19,2662.02,2664.12
2025-01-23 19:30:00,2664.12,2664.27,2659.64,2661.46
2025-01-23 20:00:00,2661.46,2663.69,2659.27,2663.01
2025-01-23 20:30:00,2663.01,2664.38,2661.75,2662.45
2025-01-23 21:00:00,2662.45,2667.2,2661.6,2667.19
2025-01-23 21:30:00,2667.19,2667.82,2661.73,2663.43
2025-01-23 22:00:00,2663.43,2665.24,2661.01,2662.81
2025-01-23 22:30:00,2662.81,2664.51,2662.67,2664.05
2025-01-23 23:00:00,2664.05,2665.69,2659.27,2660.73
2025-01-23 23:30:00,2660.73,2661.29,2658.5,2659.42
2025-01-24 00:00:00,2659.42,2662.86,2659.22,2661.9
2025-01-24 00:30:00,2661.9,2662.28,2660.35,2661.7
2025-01-24 01:00:00,2661.7,2665.41,2660.46,2663.69
2025-01-24 01:30:00,2663.69,2664.04,2661.38,2661.45
2025-01-24 02:00:00,2661.45,2661.56,2659.4,2659.98
2025-01-24 02:30:00,2659.98,2661.85,2658.42,2661.36
2025-01-24 03:00:00,2661.36,2661.68,2656.22,2657.11
2025-01-24 03:30:00,2657.11,2659.01,2650.62,2651.83
2025-01-24 04:00:00,2651.83,2652.01,2649.8,2650.7
2025-01-24 04:30:00,2650.7,2652.29,2649.56,2651.19
2025-01-24 05:00:00,2651.19,2655.51,2649.41,2653.33
2025-01-24 05:30:00,2653.33,2653.37,2649.05,2649.3
2025-01-24 06:00:00,2649.3,2649.79,2646.19,2647.56
2025-01-24 06:30:00,2647.56,2648.42,2641.94,2643.77
2025-01-24 07:00:00,2643.77,2646.6,2643.66,2645.34
2025-01-24 07:30:00,2645.34,2645.83,2640.83,2642.21
2025-01-24 08:00:00,2642.21,2642.94,2637.94,2638.91
2025-01-24 08:30:00,2638.91,2638.94,2636.86,2637.12
2025-01-24 09:00:00,2637.12,2639.13,2636.38,2637.18
2025-01-24 09:30:00,2637.18,2638.61,2632.26,2633.92
2025-01-24 10:00:00,2633.92,2637.8,2633.58,2636.27
2025-01-24 10:30:00,2636.27,2637.47,2634.37,2635.86
2025-01-24 11:00:00,2635.86,2640.88,2634.6,2639.85
2025-01-24 11:30:00,2639.85,2640.97,2639.22,2639.57
2025-01-24 12:00:00,2639.57,2640.06,2632.18,2633.32
2025-01-24 12:30:00,2633.32,2633.5,2631.37,2632.2
2025-01-24 13:00:00,2632.2,2632.87,2630.55,2632.39
2025-01-24 13:30:00,2632.39,2633.34,2627.58,2629.0
2025-01-24 14:00:00,2629.0,2632.65,2628.3,2631.13
2025-01-24 14:30:00,2631.13,2633.2,2629.18,2632.25
2025-01-24 15:00:00,2632.25,2633.13,2626.17,2626.38
2025-01-24 15:30:00,2626.38,2628.24,2625.99,2627.52
2025-01-24 16:00:00,2627.52,2627.81,2623.88,2624.49
2025-01-24 16:30:00,2624.49,2625.74,2621.43,2622.39
2025-01-24 17:00:00,2622.39,2624.07,2621.81,2622.04
2025-01-24 17:30:00,2622.04,2624.66,2621.61,2622.9
2025-01-24 18:00:00,2622.9,2624.01,2618.49,2619.54
2025-01-24 18:30:00,2619.54,2620.9,2615.08,2616.64
2025-01-24 19:00:00,2616.64,2617.07,2612.79,2614.33
2025-01-24 19:30:00,2614.33,2615.81,2611.62,2615.5
2025-01-24 20:00:00,2615.5,2617.18,2612.93,2613.61
2025-01-24 20:30:00,2613.61,2614.77,2612.72,2613.23
2025-01-24 21:00:00,2613.23,2616.38,2611.62,2615.28
2025-01-24 21:30:00,2615.28,2617.6,2614.27,2616.79
2025-01-24 22:00:00,2616.79,2618.67,2615.06,2617.99
2025-01-24 22:30:00,2617.99,2619.15,2617.65,2617.92
2025-01-24 23:00:00,2617.92,2618.59,2615.68,2617.01
2025-01-24 23:30:00,2617.01,2622.57,2615.48,2621.38
2025-01-25 00:00:00,2621.38,2622.32,2621.28,2621.46
2025-01-25 00:30:00,2621.46,2623.56,2619.42,2620.76
2025-01-25 01:00:00,2620.76,2621.23,2619.16,2619.23
2025-01-25 01:30:00,2619.23,2624.92,2618.97,2624.89
2025-01-25 02:00:00,2624.89,2626.49,2624.83,2625.83
2025-01-25 02:30:00,2625.83,2627.95,2625.51,2627.39
2025-01-25 03:00:00,2627.39,2628.52,2626.59,2628.15
2025-01-25 03:30:00,2628.15,2629.12,2624.44,2624.94
2025-01-25 04:00:00,2624.94,2625.56,2623.42,2623.89
2025-01-25 04:30:00,2623.89,2624.8,2622.16,2623.53
2025-01-25 05:00:00,2623.53,2627.98,2621.88,2626.06
2025-01-25 05:30:00,2626.06,2626.21,2617.24,2618.91
2025-01-25 06:00:00,2618.91,2619.52,2613.29,2614.13
2025-01-25 06:30:00,2614.13,2614.78,2610.88,2611.97
2025-01-25 07:00:00,2611.97,2613.06,2609.55,2610.0
2025-01-25 07:30:00,2610.0,2610.57,2609.04,2609.3
2025-01-25 08:00:00,2609.3,2609.35,2607.88,2608.86
2025-01-25 08:30:00,2608.86,2611.07,2608.57,2609.96
2025-01-25 09:00:00,2609.96,2611.57,2609.59,2611.34
2025-01-25 09:30:00,2611.34,2611.93,2608.84,2608.96
2025-01-25 10:00:00,2608.96,2611.78,2608.7,2611.1
2025-01-25 10:30:00,2611.1,2612.16,2609.13,2610.51
2025-01-25 11:00:00,2610.51,2612.1,2607.76,2608.56
2025-01-25 11:30:00,2608.56,2613.13,2607.46,2612.56
2025-01-25 12:00:00,2612.56,2613.52,2611.85,2612.17
2025-01-25 12:30:00,2612.17,2613.03,2610.98,2612.89
2025-01-25 13:00:00,2612.89,2614.77,2611.79,2614.59
2025-01-25 13:30:00,2614.59,2615.09,2610.62,2611.97
2025-01-25 14:00:00,2611.97,2616.07,2609.55,2614.1
2025-01-25 14:30:00,2614.1,2617.42,2611.85,2617.08
2025-01-25 15:00:00,2617.08,2619.4,2613.36,2613.98
2025-01-25 15:30:00,2613.98,2614.73,2612.08,2613.46
2025-01-25 16:00:00,2613.46,2614.95,2612.84,2613.46
2025-01-25 16:30:00,2613.46,2617.8,2612.14,2617.78
2025-01-25 17:00:00,2617.78,2619.0,2616.03,2616.6
2025-01-25 17:30:00,2616.6,2619.61,2615.27,2618.2
2025-01-25 18:00:00,2618.2,2619.0,2613.96,2615.62
2025-01-25 18:30:00,2615.62,2617.48,2614.39,2616.15
2025-01-25 19:00:00,2616.15,2617.98,2613.75,2613.98
2025-01-25 19:30:00,2613.98,2616.1,2612.46,2615.75
2025-01-25 20:00:00,2615.75,2617.49,2613.73,2614.38
2025-01-25 20:30:00,2614.38,2616.26,2614.23,2614.81
2025-01-25 21:00:00,2614.81,2618.59,2613.95,2618.41
2025-01-25 21:30:00,2618.41,2622.25,2617.98,2621.33
2025-01-25 22:00:00,2621.33,2622.38,2620.49,2620.6
2025-01-25 22:30:00,2620.6,2626.5,2620.47,2624.8
2025-01-25 23:00:00,2624.8,2626.11,2621.75,2622.37
2025-01-25 23:30:00,2622.37,2624.25,2618.74,2619.79
2025-01-26 00:00:00,2619.79,2620.42,2618.48,2620.26
2025-01-26 00:30:00,2620.26,2621.45,2617.92,2618.9
2025-01-26 01:00:00,2618.9,2619.84,2617.91,2619.49
2025-01-26 01:30:00,2619.49,2619.92,2618.12,2619.25
2025-01-26 02:00:00,2619.25,2623.33,2618.95,2622.41
2025-01-26 02:30:00,2622.41,2623.52,2620.78,2621.07
2025-01-26 03:00:00,2621.07,2623.5,2620.03,2622.94
2025-01-26 03:30:00,2622.94,2625.95,2621.99,2625.14
2025-01-26 04:00:00,2625.14,2625.44,2624.67,2625.37
2025-01-26 04:30:00,2625.37,2629.05,2624.31,2627.35
2025-01-26 05:00:00,2627.35,2628.27,2624.06,2625.36
2025-01-26 05:30:00,2625.36,2626.84,2623.65,2623.91
2025-01-26 06:00:00,2623.91,2627.7,2622.4,2627.05
2025-01-26 06:30:00,2627.05,2629.81,2626.9,2628.52
2025-01-26 07:00:00,2628.52,2629.94,2622.03,2623.22
2025-01-26 07:30:00,2623.22,2628.31,2621.46,2627.35
2025-01-26 08:00:00,2627.35,2629.4,2626.68,2626.96
2025-01-26 08:30:00,2626.96,2631.57,2626.71,2630.74
2025-01-26 09:00:00,2630.74,2631.16,2629.3,2630.78
2025-01-26 09:30:00,2630.78,2634.4,2629.52,2633.47
2025-01-26 10:00:00,2633.47,2635.16,2628.69,2630.03
2025-01-26 10:30:00,2630.03,2631.69,2629.23,2631.23
2025-01-26 11:00:00,2631.23,2631.9,2630.34,2631.07
2025-01-26 11:30:00,2631.07,2636.04,2629.83,2634.73
2025-01-26 12:00:00,2634.73,2636.45,2634.56,2636.41
2025-01-26 12:30:00,2636.41,2639.17,2635.59,2639.15
2025-01-26 13:00:00,2639.15,2640.24,2638.36,2639.36
2025-01-26 13:30:00,2639.36,2639.76,2635.29,2637.37
2025-01-26 14:00:00,2637.37,2637.56,2636.9,2637.1
2025-01-26 14:30:00,2637.1,2639.4,2633.68,2634.55
2025-01-26 15:00:00,2634.55,2637.69,2634.07,2635.52
2025-01-26 15:30:00,2635.52,2638.71,2633.89,2637.53
2025-01-26 16:00:00,2637.53,2638.39,2634.21,2634.38
2025-01-26 16:30:00,2634.38,2636.88,2633.58,2636.81
2025-01-26 17:00:00,2636.81,2638.24,2635.66,2637.43
2025-01-26 17:30:00,2637.43,2639.07,2636.78,2637.22
2025-01-26 18:00:00,2637.22,2645.95,2635.34,2645.28
2025-01-26 18:30:00,2645.28,2647.57,2644.05,2646.2
2025-01-26 19:00:00,2646.2,2647.58,2643.15,2646.55
2025-01-26 19:30:00,2646.55,2647.19,2645.0,2645.43
2025-01-26 20:00:00,2645.43,2646.26,2642.86,2644.43
2025-01-26 20:30:00,2644.43,2649.34,2642.27,2647.6
2025-01-26 21:00:00,2647.6,2648.64,2644.62,2645.03
2025-01-26 21:30:00,2645.03,2648.25,2644.2,2646.37
2025-01-26 22:00:00,2646.37,2648.8,2645.95,2647.76
2025-01-26 22:30:00,2647.76,2647.94,2644.69,2645.16
2025-01-26 23:00:00,2645.16,2647.78,2644.12,2647.19
2025-01-26 23:30:00,2647.19,2647.27,2646.37,2646.94
2025-01-27 00:00:00,2646.94,2647.16,2640.08,2641.14
2025-01-27 00:30:00,2641.14,2642.11,2636.98,2638.26
2025-01-27 01:00:00,2638.26,2641.33,2638.13,2639.56
2025-01-27 01:30:00,2639.56,2642.72,2639.54,2642.5
2025-01-27 02:00:00,2642.5,2643.95,2640.25,2640.51
2025-01-27 02:30:00,2640.51,2643.87,2640.23,2642.18
2025-01-27 03:00:00,2642.18,2642.32,2639.18,2640.15
2025-01-27 03:30:00,2640.15,2642.07,2637.59,2638.54
2025-01-27 04:00:00,2638.54,2639.66,2634.69,2635.83
2025-01-27 04:30:00,2635.83,2636.98,2633.61,2634.53
2025-01-27 05:00:00,2634.53,2639.41,2633.26,2638.22
2025-01-27 05:30:00,2638.22,2639.64,2635.66,2637.34
2025-01-27 06:00:00,2637.34,2638.0,2633.96,2634.34
2025-01-27 06:30:00,2634.34,2636.28,2632.94,2633.73
2025-01-27 07:00:00,2633.73,2635.18,2633.41,2634.28
2025-01-27 07:30:00,2634.28,2635.4,2633.99,2634.23
2025-01-27 08:00:00,2634.23,2635.82,2632.78,2633.43
2025-01-27 08:30:00,2633.43,2635.3,2632.45,2634.04
2025-01-27 09:00:00,2634.04,2636.89,2632.45,2636.52
2025-01-27 09:30:00,2636.52,2639.33,2636.22,2637.69
2025-01-27 10:00:00,2637.69,2639.5,2634.19,2634.64
2025-01-27 10:30:00,2634.64,2635.79,2634.22,2634.39
2025-01-27 11:00:00,2634.39,2635.22,2629.91,2630.11
2025-01-27 11:30:00,2630.11,2631.24,2624.92,2625.56
2025-01-27 12:00:00,2625.56,2625.6,2623.9,2625.4
2025-01-27 12:30:00,2625.4,2627.63,2621.53,2621.92
2025-01-27 13:00:00,2621.92,2625.3,2621.09,2624.39
2025-01-27 13:30:00,2624.39,2625.3,2620.38,2621.07
2025-01-27 14:00:00,2621.07,2622.29,2616.18,2618.67
2025-01-27 14:30:00,2618.67,2622.06,2618.32,2621.42
2025-01-27 15:00:00,2621.42,2625.46,2620.99,2625.28
2025-01-27 15:30:00,2625.28,2630.61,2623.92,2629.95
2025-01-27 16:00:00,2629.95,2632.88,2629.24,2632.2
2025-01-27 16:30:00,2632.2,2632.51,2628.55,2628.99
2025-01-27 17:00:00,2628.99,2631.04,2626.98,2629.7
2025-01-27 17:30:00,2629.7,2634.37,2629.59,2633.06
2025-01-27 18:00:00,2633.06,2633.39,2628.54,2630.48
2025-01-27 18:30:00,2630.48,2630.62,2626.07,2627.61
2025-01-27 19:00:00,2627.61,2629.75,2627.15,2628.78
2025-01-27 19:30:00,2628.78,2631.51,2628.02,2631.11
2025-01-27 20:00:00,2631.11,2632.4,2627.58,2629.21
2025-01-27 20:30:00,2629.21,2633.16,2627.67,2632.09
2025-01-27 21:00:00,2632.09,2632.53,2630.53,2631.9
2025-01-27 21:30:00,2631.9,2632.1,2626.96,2627.93
2025-01-27 22:00:00,2627.93,2628.79,2627.41,2627.47
2025-01-27 22:30:00,2627.47,2630.83,2626.78,2630.19
2025-01-27 23:00:00,2630.19,2631.37,2629.66,2631.34
2025-01-27 23:30:00,2631.34,2634.87,2630.75,2633.44
2025-01-28 00:00:00,2633.44,2637.37,2633.01,2636.74
2025-01-28 00:30:00,2636.74,2638.01,2635.59,2637.96
2025-01-28 01:00:00,2637.96,2640.41,2637.04,2639.97
2025-01-28 01:30:00,2639.97,2645.34,2639.38,2644.86
2025-01-28 02:00:00,2644.86,2646.56,2642.08,2642.94
2025-01-28 02:30:00,2642.94,2647.27,2641.31,2646.58
2025-01-28 03:00:00,2646.58,2646.59,2645.69,2646.56
2025-01-28 03:30:00,2646.56,2651.46,2645.13,2651.43
2025-01-28 04:00:00,2651.43,2654.59,2651.42,2652.88
2025-01-28 04:30:00,2652.88,2657.01,2651.88,2656.43
2025-01-28 05:00:00,2656.43,2657.86,2654.05,2655.7
2025-01-28 05:30:00,2655.7,2657.04,2653.54,2654.41
2025-01-28 06:00:00,2654.41,2657.73,2652.63,2656.12
2025-01-28 06:30:00,2656.12,2657.49,2654.4,2657.17
2025-01-28 07:00:00,2657.17,2658.84,2655.72,2656.77
2025-01-28 07:30:00,2656.77,2656.93,2655.56,2656.21
2025-01-28 08:00:00,2656.21,2657.06,2655.75,2656.19
2025-01-28 08:30:00,2656.19,2657.18,2654.78,2655.32
2025-01-28 09:00:00,2655.32,2657.11,2654.25,2656.65
2025-01-28 09:30:00,2656.65,2658.33,2655.58,2657.8
2025-01-28 10:00:00,2657.8,2659.29,2654.48,2654.72
2025-01-28 10:30:00,2654.72,2655.15,2649.88,2651.05
2025-01-28 11:00:00,2651.05,2651.99,2647.3,2648.55
2025-01-28 11:30:00,2648.55,2648.88,2641.68,2643.49
2025-01-28 12:00:00,2643.49,2644.29,2641.63,2642.12
2025-01-28 12:30:00,2642.12,2643.08,2638.29,2641.69
2025-01-28 13:00:00,2641.69,2644.64,2640.43,2643.61
2025-01-28 13:30:00,2643.61,2647.74,2642.96,2646.41
2025-01-28 14:00:00,2646.41,2650.12,2645.03,2649.28
2025-01-28 14:30:00,2649.28,2649.67,2648.4,2648.56
2025-01-28 15:00:00,2648.56,2650.8,2648.42,2649.69
2025-01-28 15:30:00,2649.69,2650.54,2645.79,2646.71
2025-01-28 16:00:00,2646.71,2651.72,2646.0,2650.75
2025-01-28 16:30:00,2650.75,2655.78,2649.99,2654.86
2025-01-28 17:00:00,2654.86,2659.82,2654.03,2658.72
2025-01-28 17:30:00,2658.72,2660.92,2656.39,2657.56
2025-01-28 18:00:00,2657.56,2658.82,2654.03,2655.06
2025-01-28 18:30:00,2655.06,2656.12,2654.36,2655.13
2025-01-28 19:00:00,2655.13,2655.48,2652.13,2653.11
2025-01-28 19:30:00,2653.11,2659.25,2652.2,2658.35
2025-01-28 20:00:00,2658.35,2659.42,2657.76,2659.28
2025-01-28 20:30:00,2659.28,2660.14,2658.3,2659.52
2025-01-28 21:00:00,2659.52,2660.54,2654.99,2656.42
2025-01-28 21:30:00,2656.42,2660.11,2656.37,2658.79
2025-01-28 22:00:00,2658.79,2659.43,2657.85,2659.39
2025-01-28 22:30:00,2659.39,2659.77,2656.11,2656.56
2025-01-28 23:00:00,2656.56,2660.18,2656.11,2659.85
2025-01-28 23:30:00,2659.85,2666.62,2659.76,2665.12
2025-01-29 00:00:00,2665.12,2671.41,2664.36,2669.52
2025-01-29 00:30:00,2669.52,2671.07,2665.07,2667.24
2025-01-29 01:00:00,2667.24,2674.16,2666.77,2672.2
2025-01-29 01:30:00,2672.2,2672.73,2669.96,2670.88
2025-01-29 02:00:00,2670.88,2672.96,2670.05,2672.58
2025-01-29 02:30:00,2672.58,2673.65,2671.39,2673.14
2025-01-29 03:00:00,2673.14,2674.16,2672.2,2673.62
2025-01-29 03:30:00,2673.62,2675.87,2671.76,2675.1
2025-01-29 04:00:00,2675.1,2676.96,2673.13,2674.15
2025-01-29 04:30:00,2674.15,2674.59,2671.63,2672.74
2025-01-29 05:00:00,2672.74,2674.9,2672.44,2672.58
2025-01-29 05:30:00,2672.58,2675.67,2672.43,2675.04
2025-01-29 06:00:00,2675.04,2675.68,2670.38,2672.1
2025-01-29 06:30:00,2672.1,2673.77,2671.5,2672.46
2025-01-29 07:00:00,2672.46,2676.91,2671.16,2676.16
2025-01-29 07:30:00,2676.16,2678.44,2674.29,2677.2
2025-01-29 08:00:00,2677.2,2678.25,2673.08,2675.3
2025-01-29 08:30:00,2675.3,2678.83,2674.87,2678.65
2025-01-29 09:00:00,2678.65,2680.38,2678.0,2678.93
2025-01-29 09:30:00,2678.93,2679.08,2676.39,2678.51
2025-01-29 10:00:00,2678.51,2681.39,2678.02,2680.78
2025-01-29 10:30:00,2680.78,2681.05,2674.95,2675.72
2025-01-29 11:00:00,2675.72,2676.29,2672.39,2674.51
2025-01-29 11:30:00,2674.51,2676.01,2668.81,2670.47
2025-01-29 12:00:00,2670.47,2673.18,2669.89,2672.25
2025-01-29 12:30:00,2672.25,2673.07,2666.35,2667.2
2025-01-29 13:00:00,2667.2,2669.62,2665.5,2669.0
2025-01-29 13:30:00,2669.0,2669.17,2666.76,2667.12
2025-01-29 14:00:00,2667.12,2672.85,2666.91,2672.11
2025-01-29 14:30:00,2672.11,2677.28,2672.04,2676.47
2025-01-29 15:00:00,2676.47,2678.36,2675.46,2676.8
2025-01-29 15:30:00,2676.8,2678.59,2675.66,2678.09
2025-01-29 16:00:00,2678.09,2678.11,2669.16,2670.89
2025-01-29 16:30:00,2670.89,2670.96,2668.11,2669.6
2025-01-29 17:00:00,2669.6,2669.68,2667.6,2669.46
2025-01-29 17:30:00,2669.46,2670.72,2667.12,2667.87
2025-01-29 18:00:00,2667.87,2671.22,2667.41,2670.83
2025-01-29 18:30:00,2670.83,2672.84,2670.74,2671.81
2025-01-29 19:00:00,2671.81,2675.08,2669.76,2673.56
2025-01-29 19:30:00,2673.56,2674.4,2667.41,2668.13
2025-01-29 20:00:00,2668.13,2670.8,2667.57,2669.52
2025-01-29 20:30:00,2669.52,2672.45,2667.9,2672.14
2025-01-29 21:00:00,2672.14,2672.7,2670.43,2670.65
2025-01-29 21:30:00,2670.65,2673.48,2668.73,2670.95
2025-01-29 22:00:00,2670.95,2672.72,2669.53,2670.88
2025-01-29 22:30:00,2670.88,2676.03,2669.61,2674.42
2025-01-29 23:00:00,2674.42,2676.79,2673.17,2675.72
2025-01-29 23:30:00,2675.72,2680.77,2675.11,2679.37
2025-01-30 00:00:00,2679.37,2683.18,2678.9,2681.05
2025-01-30 00:30:00,2681.05,2682.87,2680.56,2681.72
2025-01-30 01:00:00,2681.72,2684.3,2680.46,2682.38
2025-01-30 01:30:00,2682.38,2683.66,2677.22,2678.34
2025-01-30 02:00:00,2678.34,2680.1,2676.93,2679.67
2025-01-30 02:30:00,2679.67,2679.98,2677.4,2677.79
2025-01-30 03:00:00,2677.79,2678.86,2677.55,2677.94
2025-01-30 03:30:00,2677.94,2683.35,2676.33,2681.85
2025-01-30 04:00:00,2681.85,2682.89,2679.65,2680.14
2025-01-30 04:30:00,2680.14,2681.39,2676.89,2677.33
2025-01-30 05:00:00,2677.33,2679.69,2677.12,2679.0
2025-01-30 05:30:00,2679.0,2679.2,2674.93,2675.84
2025-01-30 06:00:00,2675.84,2677.96,2675.28,2677.57
2025-01-30 06:30:00,2677.57,2680.13,2676.15,2679.16
2025-01-30 07:00:00,2679.16,2680.28,2676.6,2677.11
2025-01-30 07:30:00,2677.11,2679.42,2674.26,2674.88
2025-01-30 08:00:00,2674.88,2676.43,2671.47,2672.57
2025-01-30 08:30:00,2672.57,2676.79,2672.3,2675.79
2025-01-30 09:00:00,2675.79,2677.23,2674.5,2676.32
2025-01-30 09:30:00,2676.32,2678.84,2674.92,2678.42
2025-01-30 10:00:00,2678.42,2682.51,2676.96,2680.96
2025-01-30 10:30:00,2680.96,2683.2,2680.73,2682.84
2025-01-30 11:00:00,2682.84,2682.93,2680.74,2681.72
2025-01-30 11:30:00,2681.72,2684.36,2680.35,2683.32
2025-01-30 12:00:00,2683.32,2683.83,2682.93,2683.24
2025-01-30 12:30:00,2683.24,2687.53,2682.26,2687.04
2025-01-30 13:00:00,2687.04,2688.83,2685.61,2687.34
2025-01-30 13:30:00,2687.34,2688.51,2685.75,2687.12
2025-01-30 14:00:00,2687.12,2691.94,2686.75,2690.22
2025-01-30 14:30:00,2690.22,2692.89,2689.52,2691.34
2025-01-30 15:00:00,2691.34,2692.1,2688.53,2689.99
2025-01-30 15:30:00,2689.99,2690.85,2685.39,2686.7
2025-01-30 16:00:00,2686.7,2690.12,2684.95,2688.91
2025-01-30 16:30:00,2688.91,2690.02,2688.03,2688.8
2025-01-30 17:00:00,2688.8,2689.2,2684.29,2685.3
2025-01-30 17:30:00,2685.3,2685.86,2682.91,2683.73
2025-01-30 18:00:00,2683.73,2684.1,2682.59,2683.77
2025-01-30 18:30:00,2683.77,2685.57,2680.96,2680.98
2025-01-30 19:00:00,2680.98,2682.22,2678.3,2680.29
2025-01-30 19:30:00,2680.29,2683.18,2679.92,2681.69
2025-01-30 20:00:00,2681.69,2683.23,2675.68,2675.81
2025-01-30 20:30:00,2675.81,2677.33,2673.64,2674.87
2025-01-30 21:00:00,2674.87,2677.14,2673.95,2677.03
2025-01-30 21:30:00,2677.03,2677.73,2671.22,2673.22
2025-01-30 22:00:00,2673.22,2676.32,2672.81,2674.68
2025-01-30 22:30:00,2674.68,2679.01,2673.95,2678.24
2025-01-30 23:00:00,2678.24,2679.86,2676.64,2677.91
2025-01-30 23:30:00,2677.91,2679.65,2674.33,2674.83
2025-01-31 00:00:00,2674.83,2675.64,2673.2,2674.5
2025-01-31 00:30:00,2674.5,2675.02,2669.84,2671.62
2025-01-31 01:00:00,2671.62,2675.94,2670.7,2674.59
2025-01-31 01:30:00,2674.59,2674.68,2672.25,2673.72
2025-01-31 02:00:00,2673.72,2673.89,2673.39,2673.67
2025-01-31 02:30:00,2673.67,2674.96,2673.0,2673.51
2025-01-31 03:00:00,2673.51,2674.01,2669.54,2670.85
2025-01-31 03:30:00,2670.85,2671.79,2667.23,2667.36
2025-01-31 04:00:00,2667.36,2669.67,2666.58,2668.1
2025-01-31 04:30:00,2668.1,2668.54,2663.87,2664.39
2025-01-31 05:00:00,2664.39,2665.59,2662.64,2664.81
2025-01-31 05:30:00,2664.81,2667.2,2663.32,2666.26
2025-01-31 06:00:00,2666.26,2667.03,2665.19,2666.31
2025-01-31 06:30:00,2666.31,2667.1,2663.74,2665.39
2025-01-31 07:00:00,2665.39,2669.57,2664.69,2668.57
2025-01-31 07:30:00,2668.57,2669.76,2664.1,2664.62
2025-01-31 08:00:00,2664.62,2666.72,2660.0,2661.18
2025-01-31 08:30:00,2661.18,2661.4,2656.71,2657.11
2025-01-31 09:00:00,2657.11,2659.03,2656.8,2658.66
2025-01-31 09:30:00,2658.66,2661.56,2657.35,2660.77
2025-01-31 10:00:00,2660.77,2662.07,2658.15,2658.89
2025-01-31 10:30:00,2658.89,2660.63,2656.87,2656.96
2025-01-31 11:00:00,2656.96,2658.16,2655.72,2656.87
2025-01-31 11:30:00,2656.87,2657.25,2654.08,2654.82
2025-01-31 12:00:00,2654.82,2659.9,2653.98,2657.33
2025-01-31 12:30:00,2657.33,2658.92,2652.77,2653.67
2025-01-31 13:00:00,2653.67,2654.33,2652.46,2654.07
2025-01-31 13:30:00,2654.07,2655.88,2650.67,2651.79
2025-01-31 14:00:00,2651.79,2654.56,2651.06,2653.97
2025-01-31 14:30:00,2653.97,2653.99,2649.57,2650.35
2025-01-31 15:00:00,2650.35,2650.36,2647.16,2647.3
2025-01-31 15:30:00,2647.3,2650.25,2647.24,2649.57
2025-01-31 16:00:00,2649.57,2650.12,2646.63,2647.21
2025-01-31 16:30:00,2647.21,2648.56,2644.53,2644.77
2025-01-31 17:00:00,2644.77,2646.39,2640.68,2641.68
2025-01-31 17:30:00,2641.68,2643.45,2639.95,2640.31
2025-01-31 18:00:00,2640.31,2640.45,2639.14,2639.73
2025-01-31 18:30:00,2639.73,2639.75,2635.39,2637.3
2025-01-31 19:00:00,2637.3,2639.12,2633.46,2633.79
2025-01-31 19:30:00,2633.79,2634.23,2633.26,2633.61
2025-01-31 20:00:00,2633.61,2634.83,2633.03,2633.53
2025-01-31 20:30:00,2633.53,2635.04,2629.23,2632.19
2025-01-31 21:00:00,2632.19,2635.58,2631.91,2634.15
2025-01-31 21:30:00,2634.15,2634.3,2627.73,2628.54
2025-01-31 22:00:00,2628.54,2629.08,2624.15,2625.12
2025-01-31 22:30:00,2625.12,2628.67,2624.4,2628.53
2025-01-31 23:00:00,2628.53,2629.01,2624.25,2625.5
2025-01-31 23:30:00,2625.5,2626.64,2623.77,2625.53
2025-02-01 00:00:00,2625.53,2627.13,2623.44,2624.86
2025-02-01 00:30:00,2624.86,2629.26,2624.13,2628.43
2025-02-01 01:00:00,2628.43,2630.12,2627.03,2627.9
2025-02-01 01:30:00,2627.9,2633.59,2626.3,2632.69
2025-02-01 02:00:00,2632.69,2633.3,2628.88,2630.03
2025-02-01 02:30:00,2630.03,2636.16,2629.18,2635.94
2025-02-01 03:00:00,2635.94,2636.66,2635.2,2636.19
2025-02-01 03:30:00,2636.19,2637.85,2636.06,2637.13
2025-02-01 04:00:00,2637.13,2640.42,2636.42,2639.41
2025-02-01 04:30:00,2639.41,2639.74,2635.77,2636.44
2025-02-01 05:00:00,2636.44,2637.28,2632.76,2633.79
2025-02-01 05:30:00,2633.79,2634.14,2632.25,2632.93
2025-02-01 06:00:00,2632.93,2633.77,2631.92,2632.1
2025-02-01 06:30:00,2632.1,2637.5,2631.12,2635.87
2025-02-01 07:00:00,2635.87,2642.88,2635.35,2641.32
2025-02-01 07:30:00,2641.32,2643.15,2640.49,2641.07
2025-02-01 08:00:00,2641.07,2642.99,2639.62,2641.51
2025-02-01 08:30:00,2641.51,2643.56,2640.7,2643.14
2025-02-01 09:00:00,2643.14,2644.14,2640.05,2640.95
2025-02-01 09:30:00,2640.95,2646.18,2639.38,2644.2
2025-02-01 10:00:00,2644.2,2645.79,2643.13,2643.69
2025-02-01 10:30:00,2643.69,2644.38,2642.38,2643.46
2025-02-01 11:00:00,2643.46,2648.7,2642.8,2646.83
2025-02-01 11:30:00,2646.83,2648.34,2646.22,2646.37
2025-02-01 12:00:00,2646.37,2651.68,2645.12,2650.21
2025-02-01 12:30:00,2650.21,2652.07,2649.5,2650.46
2025-02-01 13:00:00,2650.46,2651.83,2646.77,2647.94
2025-02-01 13:30:00,2647.94,2650.9,2647.56,2650.07
2025-02-01 14:00:00,2650.07,2654.89,2649.11,2654.67
2025-02-01 14:30:00,2654.67,2661.09,2653.57,2660.31
2025-02-01 15:00:00,2660.31,2662.89,2658.97,2661.53
2025-02-01 15:30:00,2661.53,2665.95,2659.74,2664.45
2025-02-01 16:00:00,2664.45,2666.23,2664.12,2664.84
2025-02-01 16:30:00,2664.84,2665.78,2663.31,2664.61
2025-02-01 17:00:00,2664.61,2664.94,2660.17,2660.9
2025-02-01 17:30:00,2660.9,2661.52,2660.83,2661.12
2025-02-01 18:00:00,2661.12,2661.4,2659.93,2660.89
2025-02-01 18:30:00,2660.89,2661.65,2657.81,2658.22
2025-02-01 19:00:00,2658.22,2658.89,2655.71,2656.33
2025-02-01 19:30:00,2656.33,2660.75,2654.94,2659.4
2025-02-01 20:00:00,2659.4,2659.62,2658.61,2659.21
2025-02-01 20:30:00,2659.21,2659.33,2656.02,2656.76
2025-02-01 21:00:00,2656.76,2659.3,2655.46,2658.67
2025-02-01 21:30:00,2658.67,2659.3,2654.68,2655.01
2025-02-01 22:00:00,2655.01,2655.01,2653.21,2654.7
2025-02-01 22:30:00,2654.7,2655.76,2653.8,2655.0
2025-02-01 23:00:00,2655.0,2655.72,2650.83,2651.86
2025-02-01 23:30:00,2651.86,2652.67,2650.47,2651.22
2025-02-02 00:00:00,2651.22,2652.81,2650.82,2651.22
2025-02-02 00:30:00,2651.22,2651.54,2648.06,2649.81
2025-02-02 01:00:00,2649.81,2651.06,2646.74,2648.44
2025-02-02 01:30:00,2648.44,2649.11,2646.56,2647.51
2025-02-02 02:00:00,2647.51,2649.63,2644.58,2645.18
2025-02-02 02:30:00,2645.18,2645.27,2641.24,2642.36
2025-02-02 03:00:00,2642.36,2646.13,2641.06,2645.28
2025-02-02 03:30:00,2645.28,2647.01,2643.15,2646.63
2025-02-02 04:00:00,2646.63,2650.13,2645.74,2649.56
2025-02-02 04:30:00,2649.56,2651.58,2648.72,2649.96
2025-02-02 05:00:00,2649.96,2651.51,2649.24,2649.43
2025-02-02 05:30:00,2649.43,2650.7,2645.1,2646.17
2025-02-02 06:00:00,2646.17,2648.19,2643.85,2644.81
2025-02-02 06:30:00,2644.81,2645.43,2642.83,2643.8
2025-02-02 07:00:00,2643.8,2653.06,2643.4,2651.35
2025-02-02 07:30:00,2651.35,2654.05,2646.96,2648.47
2025-02-02 08:00:00,2648.47,2649.64,2646.36,2646.46
2025-02-02 08:30:00,2646.46,2648.18,2646.06,2647.26
2025-02-02 09:00:00,2647.26,2652.87,2646.96,2650.77
2025-02-02 09:30:00,2650.77,2652.08,2650.09,2651.26
2025-02-02 10:00:00,2651.26,2652.82,2648.97,2649.13
2025-02-02 10:30:00,2649.13,2650.15,2648.25,2648.66
2025-02-02 11:00:00,2648.66,2651.95,2647.69,2650.79
2025-02-02 11:30:00,2650.79,2651.57,2649.95,2650.74
2025-02-02 12:00:00,2650.74,2651.54,2646.0,2647.72
2025-02-02 12:30:00,2647.72,2647.73,2646.09,2646.8
2025-02-02 13:00:00,2646.8,2650.36,2645.55,2650.05
2025-02-02 13:30:00,2650.05,2651.6,2645.64,2646.67
2025-02-02 14:00:00,2646.67,2651.74,2645.29,2649.66
2025-02-02 14:30:00,2649.66,2650.21,2646.79,2646.98
2025-02-02 15:00:00,2646.98,2647.47,2646.89,2647.25
2025-02-02 15:30:00,2647.25,2647.89,2646.32,2646.72
2025-02-02 16:00:00,2646.72,2649.62,2646.26,2649.3
2025-02-02 16:30:00,2649.3,2651.45,2648.87,2650.9
2025-02-02 17:00:00,2650.9,2652.15,2650.87,2650.95
2025-02-02 17:30:00,2650.95,2651.41,2647.82,2649.39
2025-02-02 18:00:00,2649.39,2652.15,2648.05,2651.38
2025-02-02 18:30:00,2651.38,2653.51,2650.84,2651.67
2025-02-02 19:00:00,2651.67,2654.11,2651.08,2653.18
2025-02-02 19:30:00,2653.18,2655.91,2652.46,2654.58
2025-02-02 20:00:00,2654.58,2656.12,2649.18,2649.54
2025-02-02 20:30:00,2649.54,2649.83,2645.79,2646.43
2025-02-02 21:00:00,2646.43,2648.55,2645.3,2647.59
2025-02-02 21:30:00,2647.59,2649.12,2646.16,2647.9
2025-02-02 22:00:00,2647.9,2649.51,2643.67,2644.94
2025-02-02 22:30:00,2644.94,2644.97,2639.55,2639.56
2025-02-02 23:00:00,2639.56,2639.72,2630.87,2631.41
2025-02-02 23:30:00,2631.41,2633.75,2630.08,2633.36
2025-02-03 00:00:00,2633.36,2637.85,2632.79,2635.88
2025-02-03 00:30:00,2635.88,2639.72,2635.4,2638.2
2025-02-03 01:00:00,2638.2,2640.94,2636.69,2640.62
2025-02-03 01:30:00,2640.62,2642.23,2636.09,2636.2
2025-02-03 02:00:00,2636.2,2637.71,2636.1,2636.72
2025-02-03 02:30:00,2636.72,2638.5,2635.07,2637.77
2025-02-03 03:00:00,2637.77,2637.84,2634.36,2634.69
2025-02-03 03:30:00,2634.69,2636.33,2632.2,2632.86
2025-02-03 04:00:00,2632.86,2633.84,2632.29,2632.44
2025-02-03 04:30:00,2632.44,2634.84,2631.29,2633.61
2025-02-03 05:00:00,2633.61,2634.32,2633.26,2633.42
2025-02-03 05:30:00,2633.42,2635.03,2626.89,2627.52
2025-02-03 06:00:00,2627.52,2628.15,2625.18,2625.44
2025-02-03 06:30:00,2625.44,2627.34,2624.53,2624.75
2025-02-03 07:00:00,2624.75,2630.99,2623.71,2629.45
2025-02-03 07:30:00,2629.45,2630.22,2628.52,2629.07
2025-02-03 08:00:00,2629.07,2629.57,2628.27,2628.72
2025-02-03 08:30:00,2628.72,2628.91,2626.36,2626.64
2025-02-03 09:00:00,2626.64,2627.74,2625.7,2627.53
2025-02-03 09:30:00,2627.53,2628.77,2625.53,2626.19
2025-02-03 10:00:00,2626.19,2627.65,2624.27,2625.7
2025-02-03 10:30:00,2625.7,2626.94,2623.5,2625.61
2025-02-03 11:00:00,2625.61,2626.1,2623.57,2624.62
2025-02-03 11:30:00,2624.62,2625.82,2622.77,2624.26
2025-02-03 12:00:00,2624.26,2626.28,2621.04,2621.05
2025-02-03 12:30:00,2621.05,2622.63,2615.08,2616.46
2025-02-03 13:00:00,2616.46,2616.61,2614.13,2615.13
2025-02-03 13:30:00,2615.13,2616.09,2614.52,2614.86
2025-02-03 14:00:00,2614.86,2615.05,2611.21,2612.26
2025-02-03 14:30:00,2612.26,2612.26,2606.17,2606.82
2025-02-03 15:00:00,2606.82,2609.27,2605.87,2607.28
2025-02-03 15:30:00,2607.28,2607.58,2604.43,2606.19
2025-02-03 16:00:00,2606.19,2606.42,2603.07,2603.75
2025-02-03 16:30:00,2603.75,2604.17,2602.03,2603.22
2025-02-03 17:00:00,2603.22,2603.9,2599.88,2600.8
2025-02-03 17:30:00,2600.8,2602.13,2597.41,2598.87
2025-02-03 18:00:00,2598.87,2599.83,2597.94,2598.96
2025-02-03 18:30:00,2598.96,2599.54,2598.16,2598.86
2025-02-03 19:00:00,2598.86,2599.22,2595.14,2595.18
2025-02-03 19:30:00,2595.18,2596.12,2590.29,2592.15
2025-02-03 20:00:00,2592.15,2593.29,2589.34,2591.1
2025-02-03 20:30:00,2591.1,2591.65,2590.22,2590.29
2025-02-03 21:00:00,2590.29,2591.18,2589.43,2589.56
2025-02-03 21:30:00,2589.56,2593.71,2588.28,2592.53
2025-02-03 22:00:00,2592.53,2593.68,2588.26,2588.38
2025-02-03 22:30:00,2588.38,2590.42,2587.99,2589.75
2025-02-03 23:00:00,2589.75,2591.69,2585.53,2587.38
2025-02-03 23:30:00,2587.38,2588.1,2585.11,2586.79
2025-02-04 00:00:00,2586.79,2588.18,2583.02,2584.21
2025-02-04 00:30:00,2584.21,2585.3,2582.71,2584.58
2025-02-04 01:00:00,2584.58,2585.91,2581.1,2581.63
2025-02-04 01:30:00,2581.63,2583.93,2580.47,2583.85
2025-02-04 02:00:00,2583.85,2588.13,2582.81,2586.67
2025-02-04 02:30:00,2586.67,2586.95,2584.28,2584.67
2025-02-04 03:00:00,2584.67,2586.54,2579.96,2581.77
2025-02-04 03:30:00,2581.77,2583.03,2574.61,2576.33
2025-02-04 04:00:00,2576.33,2577.46,2573.64,2574.18
2025-02-04 04:30:00,2574.18,2575.91,2570.62,2571.16
2025-02-04 05:00:00,2571.16,2572.5,2569.02,2570.17
2025-02-04 05:30:00,2570.17,2571.88,2569.46,2569.82
2025-02-04 06:00:00,2569.82,2573.33,2569.51,2572.82
2025-02-04 06:30:00,2572.82,2577.95,2571.73,2577.16
2025-02-04 07:00:00,2577.16,2577.44,2574.31,2574.84
2025-02-04 07:30:00,2574.84,2577.18,2572.28,2576.36
2025-02-04 08:00:00,2576.36,2579.55,2575.32,2577.95
2025-02-04 08:30:00,2577.95,2580.1,2576.53,2579.76
2025-02-04 09:00:00,2579.76,2580.58,2575.24,2576.45
2025-02-04 09:30:00,2576.45,2577.09,2575.59,2576.24
2025-02-04 10:00:00,2576.24,2578.41,2571.42,2572.98
2025-02-04 10:30:00,2572.98,2573.66,2572.03,2572.83
2025-02-04 11:00:00,2572.83,2574.71,2571.34,2571.55
2025-02-04 11:30:00,2571.55,2575.64,2569.66,2575.61
2025-02-04 12:00:00,2575.61,2579.33,2574.8,2579.16
2025-02-04 12:30:00,2579.16,2580.75,2579.07,2580.35
2025-02-04 13:00:00,2580.35,2583.98,2580.13,2583.36
2025-02-04 13:30:00,2583.36,2584.83,2583.22,2583.97
2025-02-04 14:00:00,2583.97,2587.15,2582.18,2585.66
2025-02-04 14:30:00,2585.66,2586.02,2584.51,2584.93
2025-02-04 15:00:00,2584.93,2586.24,2584.22,2585.36
2025-02-04 15:30:00,2585.36,2589.19,2583.26,2589.13
2025-02-04 16:00:00,2589.13,2589.85,2584.55,2585.49
2025-02-04 16:30:00,2585.49,2586.06,2580.94,2581.14
2025-02-04 17:00:00,2581.14,2582.71,2578.86,2579.43
2025-02-04 17:30:00,2579.43,2581.21,2576.9,2577.43
2025-02-04 18:00:00,2577.43,2579.6,2576.9,2579.13
2025-02-04 18:30:00,2579.13,2580.63,2576.58,2578.35
2025-02-04 19:00:00,2578.35,2579.3,2575.79,2576.47
2025-02-04 19:30:00,2576.47,2579.88,2575.76,2578.39
2025-02-04 20:00:00,2578.39,2579.3,2573.6,2573.68
2025-02-04 20:30:00,2573.68,2575.33,2570.35,2571.42
2025-02-04 21:00:00,2571.42,2573.59,2570.0,2573.37
2025-02-04 21:30:00,2573.37,2574.57,2568.52,2569.85
2025-02-04 22:00:00,2569.85,2571.08,2565.39,2566.74
2025-02-04 22:30:00,2566.74,2569.6,2565.57,2567.89
2025-02-04 23:00:00,2567.89,2574.71,2567.1,2572.93
2025-02-04 23:30:00,2572.93,2574.08,2571.58,2572.66
2025-02-05 00:00:00,2572.66,2572.82,2570.46,2571.05
2025-02-05 00:30:00,2571.05,2571.39,2568.06,2568.49
2025-02-05 01:00:00,2568.49,2572.26,2567.15,2572.19
2025-02-05 01:30:00,2572.19,2572.51,2568.3,2569.36
2025-02-05 02:00:00,2569.36,2571.33,2567.93,2570.95
2025-02-05 02:30:00,2570.95,2576.53,2569.84,2575.76
2025-02-05 03:00:00,2575.76,2579.75,2574.78,2577.39
2025-02-05 03:30:00,2577.39,2578.95,2572.14,2573.05
2025-02-05 04:00:00,2573.05,2576.3,2572.41,2574.15
2025-02-05 04:30:00,2574.15,2575.92,2572.17,2575.12
2025-02-05 05:00:00,2575.12,2579.29,2574.07,2578.22
2025-02-05 05:30:00,2578.22,2580.11,2576.13,2577.22
2025-02-05 06:00:00,2577.22,2577.67,2574.59,2575.06
2025-02-05 06:30:00,2575.06,2576.94,2574.14,2576.26
2025-02-05 07:00:00,2576.26,2577.12,2575.27,2575.85
2025-02-05 07:30:00,2575.85,2575.95,2574.84,2575.75
2025-02-05 08:00:00,2575.75,2577.3,2575.04,2576.03
2025-02-05 08:30:00,2576.03,2576.82,2569.56,2571.27
2025-02-05 09:00:00,2571.27,2572.73,2569.39,2570.55
2025-02-05 09:30:00,2570.55,2571.51,2566.79,2567.98
2025-02-05 10:00:00,2567.98,2572.35,2567.03,2571.48
2025-02-05 10:30:00,2571.48,2573.6,2570.99,2572.82
2025-02-05 11:00:00,2572.82,2574.37,2567.74,2568.4
2025-02-05 11:30:00,2568.4,2569.5,2567.91,2568.9
2025-02-05 12:00:00,2568.9,2570.13,2564.84,2565.93
2025-02-05 12:30:00,2565.93,2570.46,2565.28,2569.63
2025-02-05 13:00:00,2569.63,2574.21,2569.19,2573.81
2025-02-05 13:30:00,2573.81,2574.77,2571.77,2572.48
2025-02-05 14:00:00,2572.48,2573.37,2566.88,2568.11
2025-02-05 14:30:00,2568.11,2569.68,2566.63,2567.93
2025-02-05 15:00:00,2567.93,2570.97,2566.33,2570.01
2025-02-05 15:30:00,2570.01,2571.23,2566.02,2567.42
2025-02-05 16:00:00,2567.42,2572.23,2566.89,2570.47
2025-02-05 16:30:00,2570.47,2571.44,2570.47,2570.51
2025-02-05 17:00:00,2570.51,2571.37,2568.02,2569.48
2025-02-05 17:30:00,2569.48,2573.21,2567.52,2573.15
2025-02-05 18:00:00,2573.15,2574.0,2572.15,2572.7
2025-02-05 18:30:00,2572.7,2576.39,2571.55,2574.33
2025-02-05 19:00:00,2574.33,2575.28,2572.52,2573.84
2025-02-05 19:30:00,2573.84,2574.38,2568.52,2569.03
2025-02-05 20:00:00,2569.03,2569.47,2568.21,2568.91
2025-02-05 20:30:00,2568.91,2570.58,2564.95,2565.69
2025-02-05 21:00:00,2565.69,2567.25,2560.96,2561.73
2025-02-05 21:30:00,2561.73,2563.35,2561.17,2562.39
2025-02-05 22:00:00,2562.39,2565.24,2561.13,2564.17
2025-02-05 22:30:00,2564.17,2568.88,2563.36,2568.1
2025-02-05 23:00:00,2568.1,2569.51,2565.79,2567.49
2025-02-05 23:30:00,2567.49,2568.32,2562.71,2563.89
2025-02-06 00:00:00,2563.89,2566.9,2561.91,2565.97
2025-02-06 00:30:00,2565.97,2569.75,2564.07,2568.05
2025-02-06 01:00:00,2568.05,2569.56,2567.82,2568.94
2025-02-06 01:30:00,2568.94,2569.48,2567.18,2567.94
2025-02-06 02:00:00,2567.94,2569.25,2565.1,2566.04
2025-02-06 02:30:00,2566.04,2567.6,2565.26,2567.4
2025-02-06 03:00:00,2567.4,2568.61,2564.69,2565.09
2025-02-06 03:30:00,2565.09,2565.75,2561.36,2562.74
2025-02-06 04:00:00,2562.74,2564.3,2561.29,2561.54
2025-02-06 04:30:00,2561.54,2563.25,2561.38,2562.78
2025-02-06 05:00:00,2562.78,2564.22,2561.52,2562.45
2025-02-06 05:30:00,2562.45,2563.59,2562.05,2562.75
2025-02-06 06:00:00,2562.75,2567.82,2562.23,2565.89
2025-02-06 06:30:00,2565.89,2567.87,2563.34,2563.74
2025-02-06 07:00:00,2563.74,2564.27,2561.06,2561.79
2025-02-06 07:30:00,2561.79,2563.19,2559.14,2560.01
2025-02-06 08:00:00,2560.01,2561.34,2556.03,2557.5
2025-02-06 08:30:00,2557.5,2561.55,2557.06,2560.06
2025-02-06 09:00:00,2560.06,2563.34,2558.43,2563.14
2025-02-06 09:30:00,2563.14,2566.01,2561.74,2565.31
2025-02-06 10:00:00,2565.31,2566.6,2563.38,2563.38
2025-02-06 10:30:00,2563.38,2566.88,2563.37,2566.41
2025-02-06 11:00:00,2566.41,2573.07,2565.87,2572.34
2025-02-06 11:30:00,2572.34,2573.37,2568.46,2569.8
2025-02-06 12:00:00,2569.8,2570.75,2567.82,2568.76
2025-02-06 12:30:00,2568.76,2571.45,2567.64,2569.75
2025-02-06 13:00:00,2569.75,2570.37,2566.47,2568.11
2025-02-06 13:30:00,2568.11,2569.64,2567.52,2568.2
2025-02-06 14:00:00,2568.2,2570.32,2567.2,2569.29
2025-02-06 14:30:00,2569.29,2571.12,2563.73,2564.35
2025-02-06 15:00:00,2564.35,2569.73,2563.09,2568.38
2025-02-06 15:30:00,2568.38,2569.51,2564.65,2564.93
2025-02-06 16:00:00,2564.93,2566.57,2563.79,2565.66
2025-02-06 16:30:00,2565.66,2566.97,2563.75,2563.95
2025-02-06 17:00:00,2563.95,2567.56,2562.95,2566.27
2025-02-06 17:30:00,2566.27,2569.93,2565.59,2569.38
2025-02-06 18:00:00,2569.38,2570.94,2563.82,2566.01
2025-02-06 18:30:00,2566.01,2571.98,2564.92,2571.97
2025-02-06 19:00:00,2571.97,2574.05,2571.6,2573.59
2025-02-06 19:30:00,2573.59,2573.79,2573.57,2573.78
2025-02-06 20:00:00,2573.78,2578.8,2572.11,2577.95
2025-02-06 20:30:00,2577.95,2580.7,2577.15,2580.61
2025-02-06 21:00:00,2580.61,2581.79,2579.67,2580.81
2025-02-06 21:30:00,2580.81,2581.75,2579.82,2581.35
2025-02-06 22:00:00,2581.35,2581.48,2579.44,2580.46
2025-02-06 22:30:00,2580.46,2580.77,2580.08,2580.12
2025-02-06 23:00:00,2580.12,2580.84,2578.91,2579.8
2025-02-06 23:30:00,2579.8,2581.14,2577.05,2578.24
2025-02-07 00:00:00,2578.24,2580.75,2576.77,2579.35
2025-02-07 00:30:00,2579.35,2581.66,2577.89,2579.97
2025-02-07 01:00:00,2579.97,2581.12,2577.47,2578.28
2025-02-07 01:30:00,2578.28,2583.76,2577.96,2582.04
2025-02-07 02:00:00,2582.04,2582.18,2581.03,2581.05
2025-02-07 02:30:00,2581.05,2581.88,2580.23,2581.09
2025-02-07 03:00:00,2581.09,2582.6,2580.71,2580.92
2025-02-07 03:30:00,2580.92,2582.53,2579.94,2581.21
2025-02-07 04:00:00,2581.21,2583.18,2579.21,2580.83
2025-02-07 04:30:00,2580.83,2583.44,2580.39,2582.56
2025-02-07 05:00:00,2582.56,2585.28,2581.63,2584.34
2025-02-07 05:30:00,2584.34,2586.9,2583.02,2585.88
2025-02-07 06:00:00,2585.88,2587.39,2584.98,2586.12
2025-02-07 06:30:00,2586.12,2586.8,2582.52,2584.2
2025-02-07 07:00:00,2584.2,2585.44,2580.16,2581.49
2025-02-07 07:30:00,2581.49,2586.31,2579.47,2584.44
2025-02-07 08:00:00,2584.44,2587.17,2584.28,2586.04
2025-02-07 08:30:00,2586.04,2588.4,2585.11,2587.03
2025-02-07 09:00:00,2587.03,2589.11,2586.07,2588.34
2025-02-07 09:30:00,2588.34,2589.01,2586.72,2588.43
2025-02-07 10:00:00,2588.43,2589.73,2587.1,2588.09
2025-02-07 10:30:00,2588.09,2593.25,2587.38,2591.91
2025-02-07 11:00:00,2591.91,2593.31,2591.2,2592.19
2025-02-07 11:30:00,2592.19,2594.01,2591.68,2593.45
